timestamp,trip_count,regime
2023-01-01T00:00:00,5336,weekend
2023-01-01T01:00:00,5752,weekend
2023-01-01T02:00:00,5097,weekend
2023-01-01T03:00:00,3952,weekend
2023-01-01T04:00:00,2501,weekend
2023-01-01T05:00:00,1097,weekend
2023-01-01T06:00:00,908,weekend
2023-01-01T07:00:00,1021,weekend
2023-01-01T08:00:00,1147,weekend
2023-01-01T09:00:00,1650,weekend
2023-01-01T10:00:00,2698,weekend
2023-01-01T11:00:00,3354,weekend
2023-01-01T12:00:00,3828,weekend
2023-01-01T13:00:00,3998,weekend
2023-01-01T14:00:00,4252,weekend
2023-01-01T15:00:00,4326,weekend
2023-01-01T16:00:00,4253,weekend
2023-01-01T17:00:00,4099,weekend
2023-01-01T18:00:00,3720,weekend
2023-01-01T19:00:00,3442,weekend
2023-01-01T20:00:00,2901,weekend
2023-01-01T21:00:00,2778,weekend
2023-01-01T22:00:00,2607,weekend
2023-01-01T23:00:00,2035,weekend
2023-01-02T00:00:00,1280,night
2023-01-02T01:00:00,755,night
2023-01-02T02:00:00,433,night
2023-01-02T03:00:00,379,night
2023-01-02T04:00:00,371,night
2023-01-02T05:00:00,394,night
2023-01-02T06:00:00,799,transition
2023-01-02T07:00:00,1176,morning_rush
2023-01-02T08:00:00,1540,morning_rush
2023-01-02T09:00:00,2325,morning_rush
2023-01-02T10:00:00,3134,midday
2023-01-02T11:00:00,3671,midday
2023-01-02T12:00:00,4292,midday
2023-01-02T13:00:00,4816,midday
2023-01-02T14:00:00,5195,midday
2023-01-02T15:00:00,5286,midday
2023-01-02T16:00:00,5137,midday
2023-01-02T17:00:00,5075,evening_rush
2023-01-02T18:00:00,4348,evening_rush
2023-01-02T19:00:00,3915,evening_rush
2023-01-02T20:00:00,3607,transition
2023-01-02T21:00:00,3268,transition
2023-01-02T22:00:00,2763,transition
2023-01-02T23:00:00,1818,transition
2023-01-03T00:00:00,1322,night
2023-01-03T01:00:00,751,night
2023-01-03T02:00:00,392,night
2023-01-03T03:00:00,288,night
2023-01-03T04:00:00,255,night
2023-01-03T05:00:00,656,night
2023-01-03T06:00:00,1868,transition
2023-01-03T07:00:00,3342,morning_rush
2023-01-03T08:00:00,4431,morning_rush
2023-01-03T09:00:00,4545,morning_rush
2023-01-03T10:00:00,5332,midday
2023-01-03T11:00:00,5422,midday
2023-01-03T12:00:00,5145,midday
2023-01-03T13:00:00,5302,midday
2023-01-03T14:00:00,5628,midday
2023-01-03T15:00:00,5760,midday
2023-01-03T16:00:00,5677,midday
2023-01-03T17:00:00,6016,evening_rush
2023-01-03T18:00:00,5908,evening_rush
2023-01-03T19:00:00,5037,evening_rush
2023-01-03T20:00:00,3848,transition
2023-01-03T21:00:00,3673,transition
2023-01-03T22:00:00,2878,transition
2023-01-03T23:00:00,2307,transition
2023-01-04T00:00:00,1558,night
2023-01-04T01:00:00,670,night
2023-01-04T02:00:00,382,night
2023-01-04T03:00:00,242,night
2023-01-04T04:00:00,264,night
2023-01-04T05:00:00,610,night
2023-01-04T06:00:00,1602,transition
2023-01-04T07:00:00,3398,morning_rush
2023-01-04T08:00:00,4387,morning_rush
2023-01-04T09:00:00,4727,morning_rush
2023-01-04T10:00:00,4764,midday
2023-01-04T11:00:00,4836,midday
2023-01-04T12:00:00,5222,midday
2023-01-04T13:00:00,5514,midday
2023-01-04T14:00:00,6047,midday
2023-01-04T15:00:00,6379,midday
2023-01-04T16:00:00,6996,midday
2023-01-04T17:00:00,6968,evening_rush
2023-01-04T18:00:00,8130,evening_rush
2023-01-04T19:00:00,6744,evening_rush
2023-01-04T20:00:00,4652,transition
2023-01-04T21:00:00,4390,transition
2023-01-04T22:00:00,3769,transition
2023-01-04T23:00:00,2841,transition
2023-01-05T00:00:00,1736,night
2023-01-05T01:00:00,800,night
2023-01-05T02:00:00,490,night
2023-01-05T03:00:00,318,night
2023-01-05T04:00:00,314,night
2023-01-05T05:00:00,575,night
2023-01-05T06:00:00,1697,transition
2023-01-05T07:00:00,3553,morning_rush
2023-01-05T08:00:00,4567,morning_rush
2023-01-05T09:00:00,5087,morning_rush
2023-01-05T10:00:00,5021,midday
2023-01-05T11:00:00,5234,midday
2023-01-05T12:00:00,5628,midday
2023-01-05T13:00:00,5988,midday
2023-01-05T14:00:00,6449,midday
2023-01-05T15:00:00,6694,midday
2023-01-05T16:00:00,6438,midday
2023-01-05T17:00:00,7303,evening_rush
2023-01-05T18:00:00,7668,evening_rush
2023-01-05T19:00:00,6320,evening_rush
2023-01-05T20:00:00,5556,transition
2023-01-05T21:00:00,5447,transition
2023-01-05T22:00:00,4602,transition
2023-01-05T23:00:00,3578,transition
2023-01-06T00:00:00,2187,night
2023-01-06T01:00:00,1128,night
2023-01-06T02:00:00,564,night
2023-01-06T03:00:00,347,night
2023-01-06T04:00:00,321,night
2023-01-06T05:00:00,642,night
2023-01-06T06:00:00,1472,transition
2023-01-06T07:00:00,3195,morning_rush
2023-01-06T08:00:00,4109,morning_rush
2023-01-06T09:00:00,4526,morning_rush
2023-01-06T10:00:00,4809,midday
2023-01-06T11:00:00,4978,midday
2023-01-06T12:00:00,5191,midday
2023-01-06T13:00:00,5592,midday
2023-01-06T14:00:00,6663,midday
2023-01-06T15:00:00,6499,midday
2023-01-06T16:00:00,6318,midday
2023-01-06T17:00:00,7178,evening_rush
2023-01-06T18:00:00,7240,evening_rush
2023-01-06T19:00:00,6955,evening_rush
2023-01-06T20:00:00,5519,transition
2023-01-06T21:00:00,5744,transition
2023-01-06T22:00:00,5947,transition
2023-01-06T23:00:00,5426,transition
2023-01-07T00:00:00,4719,weekend
2023-01-07T01:00:00,3900,weekend
2023-01-07T02:00:00,2773,weekend
2023-01-07T03:00:00,1685,weekend
2023-01-07T04:00:00,827,weekend
2023-01-07T05:00:00,497,weekend
2023-01-07T06:00:00,814,weekend
2023-01-07T07:00:00,1436,weekend
2023-01-07T08:00:00,2065,weekend
2023-01-07T09:00:00,3165,weekend
2023-01-07T10:00:00,4131,weekend
2023-01-07T11:00:00,4923,weekend
2023-01-07T12:00:00,5632,weekend
2023-01-07T13:00:00,6102,weekend
2023-01-07T14:00:00,6248,weekend
2023-01-07T15:00:00,6391,weekend
2023-01-07T16:00:00,6493,weekend
2023-01-07T17:00:00,6580,weekend
2023-01-07T18:00:00,6610,weekend
2023-01-07T19:00:00,6702,weekend
2023-01-07T20:00:00,5662,weekend
2023-01-07T21:00:00,5739,weekend
2023-01-07T22:00:00,6339,weekend
2023-01-07T23:00:00,5603,weekend
2023-01-08T00:00:00,5231,weekend
2023-01-08T01:00:00,4307,weekend
2023-01-08T02:00:00,3230,weekend
2023-01-08T03:00:00,1971,weekend
2023-01-08T04:00:00,1025,weekend
2023-01-08T05:00:00,490,weekend
2023-01-08T06:00:00,758,weekend
2023-01-08T07:00:00,1145,weekend
2023-01-08T08:00:00,1703,weekend
2023-01-08T09:00:00,2569,weekend
2023-01-08T10:00:00,3905,weekend
2023-01-08T11:00:00,4459,weekend
2023-01-08T12:00:00,5287,weekend
2023-01-08T13:00:00,5487,weekend
2023-01-08T14:00:00,5725,weekend
2023-01-08T15:00:00,5539,weekend
2023-01-08T16:00:00,5815,weekend
2023-01-08T17:00:00,5360,weekend
2023-01-08T18:00:00,4821,weekend
2023-01-08T19:00:00,4252,weekend
2023-01-08T20:00:00,3681,weekend
2023-01-08T21:00:00,3610,weekend
2023-01-08T22:00:00,2595,weekend
2023-01-08T23:00:00,2091,weekend
2023-01-09T00:00:00,1267,night
2023-01-09T01:00:00,482,night
2023-01-09T02:00:00,295,night
2023-01-09T03:00:00,241,night
2023-01-09T04:00:00,267,night
2023-01-09T05:00:00,581,night
2023-01-09T06:00:00,1730,transition
2023-01-09T07:00:00,3480,morning_rush
2023-01-09T08:00:00,4488,morning_rush
2023-01-09T09:00:00,4550,morning_rush
2023-01-09T10:00:00,4422,midday
2023-01-09T11:00:00,4622,midday
2023-01-09T12:00:00,4930,midday
2023-01-09T13:00:00,4763,midday
2023-01-09T14:00:00,5516,midday
2023-01-09T15:00:00,5894,midday
2023-01-09T16:00:00,5710,midday
2023-01-09T17:00:00,6499,evening_rush
2023-01-09T18:00:00,6334,evening_rush
2023-01-09T19:00:00,5478,evening_rush
2023-01-09T20:00:00,4513,transition
2023-01-09T21:00:00,4024,transition
2023-01-09T22:00:00,3240,transition
2023-01-09T23:00:00,2023,transition
2023-01-10T00:00:00,1045,night
2023-01-10T01:00:00,496,night
2023-01-10T02:00:00,261,night
2023-01-10T03:00:00,193,night
2023-01-10T04:00:00,226,night
2023-01-10T05:00:00,578,night
2023-01-10T06:00:00,1760,transition
2023-01-10T07:00:00,3745,morning_rush
2023-01-10T08:00:00,4855,morning_rush
2023-01-10T09:00:00,5173,morning_rush
2023-01-10T10:00:00,5146,midday
2023-01-10T11:00:00,5194,midday
2023-01-10T12:00:00,5609,midday
2023-01-10T13:00:00,5781,midday
2023-01-10T14:00:00,6517,midday
2023-01-10T15:00:00,6642,midday
2023-01-10T16:00:00,6294,midday
2023-01-10T17:00:00,7175,evening_rush
2023-01-10T18:00:00,7604,evening_rush
2023-01-10T19:00:00,6771,evening_rush
2023-01-10T20:00:00,5943,transition
2023-01-10T21:00:00,5763,transition
2023-01-10T22:00:00,4441,transition
2023-01-10T23:00:00,2704,transition
2023-01-11T00:00:00,1496,night
2023-01-11T01:00:00,726,night
2023-01-11T02:00:00,328,night
2023-01-11T03:00:00,240,night
2023-01-11T04:00:00,276,night
2023-01-11T05:00:00,596,night
2023-01-11T06:00:00,1764,transition
2023-01-11T07:00:00,3745,morning_rush
2023-01-11T08:00:00,5099,morning_rush
2023-01-11T09:00:00,5052,morning_rush
2023-01-11T10:00:00,5205,midday
2023-01-11T11:00:00,5372,midday
2023-01-11T12:00:00,5896,midday
2023-01-11T13:00:00,6011,midday
2023-01-11T14:00:00,6483,midday
2023-01-11T15:00:00,6862,midday
2023-01-11T16:00:00,6840,midday
2023-01-11T17:00:00,7697,evening_rush
2023-01-11T18:00:00,8220,evening_rush
2023-01-11T19:00:00,7063,evening_rush
2023-01-11T20:00:00,6251,transition
2023-01-11T21:00:00,6193,transition
2023-01-11T22:00:00,5305,transition
2023-01-11T23:00:00,3398,transition
2023-01-12T00:00:00,1848,night
2023-01-12T01:00:00,911,night
2023-01-12T02:00:00,583,night
2023-01-12T03:00:00,332,night
2023-01-12T04:00:00,345,night
2023-01-12T05:00:00,641,night
2023-01-12T06:00:00,1953,transition
2023-01-12T07:00:00,4214,morning_rush
2023-01-12T08:00:00,5519,morning_rush
2023-01-12T09:00:00,5333,morning_rush
2023-01-12T10:00:00,5203,midday
2023-01-12T11:00:00,5397,midday
2023-01-12T12:00:00,5862,midday
2023-01-12T13:00:00,6044,midday
2023-01-12T14:00:00,6702,midday
2023-01-12T15:00:00,6858,midday
2023-01-12T16:00:00,6689,midday
2023-01-12T17:00:00,7996,evening_rush
2023-01-12T18:00:00,9506,evening_rush
2023-01-12T19:00:00,6984,evening_rush
2023-01-12T20:00:00,7002,transition
2023-01-12T21:00:00,6063,transition
2023-01-12T22:00:00,5374,transition
2023-01-12T23:00:00,4027,transition
2023-01-13T00:00:00,2918,night
2023-01-13T01:00:00,1589,night
2023-01-13T02:00:00,825,night
2023-01-13T03:00:00,443,night
2023-01-13T04:00:00,424,night
2023-01-13T05:00:00,667,night
2023-01-13T06:00:00,1716,transition
2023-01-13T07:00:00,3255,morning_rush
2023-01-13T08:00:00,4100,morning_rush
2023-01-13T09:00:00,4560,morning_rush
2023-01-13T10:00:00,5058,midday
2023-01-13T11:00:00,5188,midday
2023-01-13T12:00:00,5602,midday
2023-01-13T13:00:00,6067,midday
2023-01-13T14:00:00,6922,midday
2023-01-13T15:00:00,6952,midday
2023-01-13T16:00:00,6827,midday
2023-01-13T17:00:00,7761,evening_rush
2023-01-13T18:00:00,7859,evening_rush
2023-01-13T19:00:00,7366,evening_rush
2023-01-13T20:00:00,6016,transition
2023-01-13T21:00:00,5908,transition
2023-01-13T22:00:00,6600,transition
2023-01-13T23:00:00,6096,transition
2023-01-14T00:00:00,5228,weekend
2023-01-14T01:00:00,4300,weekend
2023-01-14T02:00:00,3188,weekend
2023-01-14T03:00:00,1979,weekend
2023-01-14T04:00:00,975,weekend
2023-01-14T05:00:00,448,weekend
2023-01-14T06:00:00,740,weekend
2023-01-14T07:00:00,1390,weekend
2023-01-14T08:00:00,2212,weekend
2023-01-14T09:00:00,3336,weekend
2023-01-14T10:00:00,4533,weekend
2023-01-14T11:00:00,5452,weekend
2023-01-14T12:00:00,6210,weekend
2023-01-14T13:00:00,6516,weekend
2023-01-14T14:00:00,6313,weekend
2023-01-14T15:00:00,6978,weekend
2023-01-14T16:00:00,7249,weekend
2023-01-14T17:00:00,7262,weekend
2023-01-14T18:00:00,7251,weekend
2023-01-14T19:00:00,7103,weekend
2023-01-14T20:00:00,5898,weekend
2023-01-14T21:00:00,5884,weekend
2023-01-14T22:00:00,6177,weekend
2023-01-14T23:00:00,6328,weekend
2023-01-15T00:00:00,5378,weekend
2023-01-15T01:00:00,4430,weekend
2023-01-15T02:00:00,3212,weekend
2023-01-15T03:00:00,2092,weekend
2023-01-15T04:00:00,1065,weekend
2023-01-15T05:00:00,382,weekend
2023-01-15T06:00:00,682,weekend
2023-01-15T07:00:00,1215,weekend
2023-01-15T08:00:00,1822,weekend
2023-01-15T09:00:00,2915,weekend
2023-01-15T10:00:00,4008,weekend
2023-01-15T11:00:00,5076,weekend
2023-01-15T12:00:00,5657,weekend
2023-01-15T13:00:00,5719,weekend
2023-01-15T14:00:00,5896,weekend
2023-01-15T15:00:00,6056,weekend
2023-01-15T16:00:00,6228,weekend
2023-01-15T17:00:00,6053,weekend
2023-01-15T18:00:00,5908,weekend
2023-01-15T19:00:00,5216,weekend
2023-01-15T20:00:00,4980,weekend
2023-01-15T21:00:00,4500,weekend
2023-01-15T22:00:00,4298,weekend
2023-01-15T23:00:00,4056,weekend
2023-01-16T00:00:00,2410,night
2023-01-16T01:00:00,1339,night
2023-01-16T02:00:00,769,night
2023-01-16T03:00:00,524,night
2023-01-16T04:00:00,430,night
2023-01-16T05:00:00,459,night
2023-01-16T06:00:00,1006,transition
2023-01-16T07:00:00,1605,morning_rush
2023-01-16T08:00:00,2521,morning_rush
2023-01-16T09:00:00,3281,morning_rush
2023-01-16T10:00:00,3994,midday
2023-01-16T11:00:00,4592,midday
2023-01-16T12:00:00,5038,midday
2023-01-16T13:00:00,5292,midday
2023-01-16T14:00:00,5571,midday
2023-01-16T15:00:00,5852,midday
2023-01-16T16:00:00,5899,midday
2023-01-16T17:00:00,5916,evening_rush
2023-01-16T18:00:00,5486,evening_rush
2023-01-16T19:00:00,4606,evening_rush
2023-01-16T20:00:00,4049,transition
2023-01-16T21:00:00,3859,transition
2023-01-16T22:00:00,3277,transition
2023-01-16T23:00:00,2345,transition
2023-01-17T00:00:00,1208,night
2023-01-17T01:00:00,550,night
2023-01-17T02:00:00,256,night
2023-01-17T03:00:00,209,night
2023-01-17T04:00:00,255,night
2023-01-17T05:00:00,651,night
2023-01-17T06:00:00,1906,transition
2023-01-17T07:00:00,4044,morning_rush
2023-01-17T08:00:00,5532,morning_rush
2023-01-17T09:00:00,5599,morning_rush
2023-01-17T10:00:00,5316,midday
2023-01-17T11:00:00,5543,midday
2023-01-17T12:00:00,5902,midday
2023-01-17T13:00:00,6128,midday
2023-01-17T14:00:00,6302,midday
2023-01-17T15:00:00,6812,midday
2023-01-17T16:00:00,6529,midday
2023-01-17T17:00:00,7028,evening_rush
2023-01-17T18:00:00,7302,evening_rush
2023-01-17T19:00:00,6204,evening_rush
2023-01-17T20:00:00,5433,transition
2023-01-17T21:00:00,5454,transition
2023-01-17T22:00:00,4237,transition
2023-01-17T23:00:00,2652,transition
2023-01-18T00:00:00,1292,night
2023-01-18T01:00:00,579,night
2023-01-18T02:00:00,324,night
2023-01-18T03:00:00,230,night
2023-01-18T04:00:00,273,night
2023-01-18T05:00:00,662,night
2023-01-18T06:00:00,1814,transition
2023-01-18T07:00:00,3845,morning_rush
2023-01-18T08:00:00,5294,morning_rush
2023-01-18T09:00:00,5226,morning_rush
2023-01-18T10:00:00,5312,midday
2023-01-18T11:00:00,5172,midday
2023-01-18T12:00:00,5744,midday
2023-01-18T13:00:00,5936,midday
2023-01-18T14:00:00,6476,midday
2023-01-18T15:00:00,6696,midday
2023-01-18T16:00:00,6610,midday
2023-01-18T17:00:00,7429,evening_rush
2023-01-18T18:00:00,8033,evening_rush
2023-01-18T19:00:00,7196,evening_rush
2023-01-18T20:00:00,6497,transition
2023-01-18T21:00:00,6503,transition
2023-01-18T22:00:00,5676,transition
2023-01-18T23:00:00,3333,transition
2023-01-19T00:00:00,1811,night
2023-01-19T01:00:00,827,night
2023-01-19T02:00:00,512,night
2023-01-19T03:00:00,355,night
2023-01-19T04:00:00,324,night
2023-01-19T05:00:00,606,night
2023-01-19T06:00:00,1841,transition
2023-01-19T07:00:00,3927,morning_rush
2023-01-19T08:00:00,5470,morning_rush
2023-01-19T09:00:00,5809,morning_rush
2023-01-19T10:00:00,5548,midday
2023-01-19T11:00:00,5606,midday
2023-01-19T12:00:00,6088,midday
2023-01-19T13:00:00,6176,midday
2023-01-19T14:00:00,7073,midday
2023-01-19T15:00:00,7573,midday
2023-01-19T16:00:00,7168,midday
2023-01-19T17:00:00,7936,evening_rush
2023-01-19T18:00:00,8592,evening_rush
2023-01-19T19:00:00,7628,evening_rush
2023-01-19T20:00:00,6833,transition
2023-01-19T21:00:00,6848,transition
2023-01-19T22:00:00,5963,transition
2023-01-19T23:00:00,4089,transition
2023-01-20T00:00:00,2578,night
2023-01-20T01:00:00,1352,night
2023-01-20T02:00:00,716,night
2023-01-20T03:00:00,433,night
2023-01-20T04:00:00,403,night
2023-01-20T05:00:00,651,night
2023-01-20T06:00:00,1517,transition
2023-01-20T07:00:00,3380,morning_rush
2023-01-20T08:00:00,4348,morning_rush
2023-01-20T09:00:00,4621,morning_rush
2023-01-20T10:00:00,4811,midday
2023-01-20T11:00:00,5215,midday
2023-01-20T12:00:00,5886,midday
2023-01-20T13:00:00,6375,midday
2023-01-20T14:00:00,6550,midday
2023-01-20T15:00:00,6762,midday
2023-01-20T16:00:00,6732,midday
2023-01-20T17:00:00,7335,evening_rush
2023-01-20T18:00:00,7572,evening_rush
2023-01-20T19:00:00,7202,evening_rush
2023-01-20T20:00:00,5988,transition
2023-01-20T21:00:00,6072,transition
2023-01-20T22:00:00,6676,transition
2023-01-20T23:00:00,6269,transition
2023-01-21T00:00:00,5444,weekend
2023-01-21T01:00:00,4538,weekend
2023-01-21T02:00:00,3308,weekend
2023-01-21T03:00:00,2092,weekend
2023-01-21T04:00:00,1008,weekend
2023-01-21T05:00:00,496,weekend
2023-01-21T06:00:00,766,weekend
2023-01-21T07:00:00,1239,weekend
2023-01-21T08:00:00,1996,weekend
2023-01-21T09:00:00,3204,weekend
2023-01-21T10:00:00,4363,weekend
2023-01-21T11:00:00,5155,weekend
2023-01-21T12:00:00,6209,weekend
2023-01-21T13:00:00,6385,weekend
2023-01-21T14:00:00,6460,weekend
2023-01-21T15:00:00,6567,weekend
2023-01-21T16:00:00,6785,weekend
2023-01-21T17:00:00,6828,weekend
2023-01-21T18:00:00,7170,weekend
2023-01-21T19:00:00,7263,weekend
2023-01-21T20:00:00,5657,weekend
2023-01-21T21:00:00,5649,weekend
2023-01-21T22:00:00,6403,weekend
2023-01-21T23:00:00,7014,weekend
2023-01-22T00:00:00,5755,weekend
2023-01-22T01:00:00,4924,weekend
2023-01-22T02:00:00,3788,weekend
2023-01-22T03:00:00,2401,weekend
2023-01-22T04:00:00,1254,weekend
2023-01-22T05:00:00,438,weekend
2023-01-22T06:00:00,723,weekend
2023-01-22T07:00:00,1139,weekend
2023-01-22T08:00:00,1539,weekend
2023-01-22T09:00:00,2611,weekend
2023-01-22T10:00:00,3957,weekend
2023-01-22T11:00:00,4481,weekend
2023-01-22T12:00:00,5343,weekend
2023-01-22T13:00:00,5696,weekend
2023-01-22T14:00:00,6082,weekend
2023-01-22T15:00:00,5733,weekend
2023-01-22T16:00:00,6100,weekend
2023-01-22T17:00:00,5719,weekend
2023-01-22T18:00:00,5470,weekend
2023-01-22T19:00:00,4619,weekend
2023-01-22T20:00:00,3712,weekend
2023-01-22T21:00:00,3578,weekend
2023-01-22T22:00:00,2745,weekend
2023-01-22T23:00:00,1844,weekend
2023-01-23T00:00:00,1089,night
2023-01-23T01:00:00,601,night
2023-01-23T02:00:00,234,night
2023-01-23T03:00:00,194,night
2023-01-23T04:00:00,243,night
2023-01-23T05:00:00,617,night
2023-01-23T06:00:00,1809,transition
2023-01-23T07:00:00,3593,morning_rush
2023-01-23T08:00:00,4793,morning_rush
2023-01-23T09:00:00,4768,morning_rush
2023-01-23T10:00:00,4884,midday
2023-01-23T11:00:00,4832,midday
2023-01-23T12:00:00,5048,midday
2023-01-23T13:00:00,5531,midday
2023-01-23T14:00:00,5883,midday
2023-01-23T15:00:00,6083,midday
2023-01-23T16:00:00,5712,midday
2023-01-23T17:00:00,6514,evening_rush
2023-01-23T18:00:00,6559,evening_rush
2023-01-23T19:00:00,5564,evening_rush
2023-01-23T20:00:00,4982,transition
2023-01-23T21:00:00,4533,transition
2023-01-23T22:00:00,3638,transition
2023-01-23T23:00:00,2087,transition
2023-01-24T00:00:00,1303,night
2023-01-24T01:00:00,503,night
2023-01-24T02:00:00,285,night
2023-01-24T03:00:00,185,night
2023-01-24T04:00:00,246,night
2023-01-24T05:00:00,577,night
2023-01-24T06:00:00,1772,transition
2023-01-24T07:00:00,3844,morning_rush
2023-01-24T08:00:00,5029,morning_rush
2023-01-24T09:00:00,5345,morning_rush
2023-01-24T10:00:00,5173,midday
2023-01-24T11:00:00,5241,midday
2023-01-24T12:00:00,5503,midday
2023-01-24T13:00:00,5667,midday
2023-01-24T14:00:00,6328,midday
2023-01-24T15:00:00,6744,midday
2023-01-24T16:00:00,6957,midday
2023-01-24T17:00:00,7564,evening_rush
2023-01-24T18:00:00,7956,evening_rush
2023-01-24T19:00:00,6901,evening_rush
2023-01-24T20:00:00,6356,transition
2023-01-24T21:00:00,6298,transition
2023-01-24T22:00:00,5232,transition
2023-01-24T23:00:00,2849,transition
2023-01-25T00:00:00,1522,night
2023-01-25T01:00:00,659,night
2023-01-25T02:00:00,353,night
2023-01-25T03:00:00,261,night
2023-01-25T04:00:00,249,night
2023-01-25T05:00:00,604,night
2023-01-25T06:00:00,1861,transition
2023-01-25T07:00:00,3856,morning_rush
2023-01-25T08:00:00,5183,morning_rush
2023-01-25T09:00:00,5277,morning_rush
2023-01-25T10:00:00,5062,midday
2023-01-25T11:00:00,5310,midday
2023-01-25T12:00:00,5696,midday
2023-01-25T13:00:00,6932,midday
2023-01-25T14:00:00,6804,midday
2023-01-25T15:00:00,6592,midday
2023-01-25T16:00:00,6788,midday
2023-01-25T17:00:00,7461,evening_rush
2023-01-25T18:00:00,8558,evening_rush
2023-01-25T19:00:00,8178,evening_rush
2023-01-25T20:00:00,6975,transition
2023-01-25T21:00:00,6508,transition
2023-01-25T22:00:00,5331,transition
2023-01-25T23:00:00,3176,transition
2023-01-26T00:00:00,1889,night
2023-01-26T01:00:00,959,night
2023-01-26T02:00:00,465,night
2023-01-26T03:00:00,284,night
2023-01-26T04:00:00,307,night
2023-01-26T05:00:00,568,night
2023-01-26T06:00:00,1883,transition
2023-01-26T07:00:00,3924,morning_rush
2023-01-26T08:00:00,5169,morning_rush
2023-01-26T09:00:00,5396,morning_rush
2023-01-26T10:00:00,5310,midday
2023-01-26T11:00:00,5564,midday
2023-01-26T12:00:00,5954,midday
2023-01-26T13:00:00,6325,midday
2023-01-26T14:00:00,6849,midday
2023-01-26T15:00:00,7035,midday
2023-01-26T16:00:00,6925,midday
2023-01-26T17:00:00,7757,evening_rush
2023-01-26T18:00:00,8643,evening_rush
2023-01-26T19:00:00,7738,evening_rush
2023-01-26T20:00:00,6971,transition
2023-01-26T21:00:00,7338,transition
2023-01-26T22:00:00,6664,transition
2023-01-26T23:00:00,4960,transition
2023-01-27T00:00:00,2860,night
2023-01-27T01:00:00,1668,night
2023-01-27T02:00:00,946,night
2023-01-27T03:00:00,599,night
2023-01-27T04:00:00,473,night
2023-01-27T05:00:00,617,night
2023-01-27T06:00:00,1497,transition
2023-01-27T07:00:00,3284,morning_rush
2023-01-27T08:00:00,4279,morning_rush
2023-01-27T09:00:00,4656,morning_rush
2023-01-27T10:00:00,4937,midday
2023-01-27T11:00:00,5243,midday
2023-01-27T12:00:00,5691,midday
2023-01-27T13:00:00,5941,midday
2023-01-27T14:00:00,6794,midday
2023-01-27T15:00:00,6779,midday
2023-01-27T16:00:00,6744,midday
2023-01-27T17:00:00,7817,evening_rush
2023-01-27T18:00:00,7818,evening_rush
2023-01-27T19:00:00,7577,evening_rush
2023-01-27T20:00:00,6140,transition
2023-01-27T21:00:00,6156,transition
2023-01-27T22:00:00,6769,transition
2023-01-27T23:00:00,6383,transition
2023-01-28T00:00:00,5574,weekend
2023-01-28T01:00:00,4512,weekend
2023-01-28T02:00:00,3517,weekend
2023-01-28T03:00:00,2151,weekend
2023-01-28T04:00:00,1134,weekend
2023-01-28T05:00:00,458,weekend
2023-01-28T06:00:00,808,weekend
2023-01-28T07:00:00,1234,weekend
2023-01-28T08:00:00,2051,weekend
2023-01-28T09:00:00,3264,weekend
2023-01-28T10:00:00,4366,weekend
2023-01-28T11:00:00,5147,weekend
2023-01-28T12:00:00,5997,weekend
2023-01-28T13:00:00,6481,weekend
2023-01-28T14:00:00,6391,weekend
2023-01-28T15:00:00,6610,weekend
2023-01-28T16:00:00,6914,weekend
2023-01-28T17:00:00,6813,weekend
2023-01-28T18:00:00,6887,weekend
2023-01-28T19:00:00,6882,weekend
2023-01-28T20:00:00,5895,weekend
2023-01-28T21:00:00,5920,weekend
2023-01-28T22:00:00,6360,weekend
2023-01-28T23:00:00,6279,weekend
2023-01-29T00:00:00,5524,weekend
2023-01-29T01:00:00,4807,weekend
2023-01-29T02:00:00,3910,weekend
2023-01-29T03:00:00,2463,weekend
2023-01-29T04:00:00,1296,weekend
2023-01-29T05:00:00,511,weekend
2023-01-29T06:00:00,716,weekend
2023-01-29T07:00:00,1044,weekend
2023-01-29T08:00:00,1640,weekend
2023-01-29T09:00:00,2672,weekend
2023-01-29T10:00:00,3945,weekend
2023-01-29T11:00:00,4670,weekend
2023-01-29T12:00:00,5455,weekend
2023-01-29T13:00:00,5638,weekend
2023-01-29T14:00:00,6126,weekend
2023-01-29T15:00:00,5704,weekend
2023-01-29T16:00:00,5637,weekend
2023-01-29T17:00:00,5248,weekend
2023-01-29T18:00:00,4906,weekend
2023-01-29T19:00:00,4066,weekend
2023-01-29T20:00:00,3620,weekend
2023-01-29T21:00:00,3496,weekend
2023-01-29T22:00:00,3217,weekend
2023-01-29T23:00:00,1820,weekend
2023-01-30T00:00:00,1084,night
2023-01-30T01:00:00,505,night
2023-01-30T02:00:00,277,night
2023-01-30T03:00:00,199,night
2023-01-30T04:00:00,241,night
2023-01-30T05:00:00,595,night
2023-01-30T06:00:00,1758,transition
2023-01-30T07:00:00,3390,morning_rush
2023-01-30T08:00:00,4488,morning_rush
2023-01-30T09:00:00,4529,morning_rush
2023-01-30T10:00:00,4341,midday
2023-01-30T11:00:00,4245,midday
2023-01-30T12:00:00,4955,midday
2023-01-30T13:00:00,5113,midday
2023-01-30T14:00:00,5486,midday
2023-01-30T15:00:00,5716,midday
2023-01-30T16:00:00,5386,midday
2023-01-30T17:00:00,6157,evening_rush
2023-01-30T18:00:00,6175,evening_rush
2023-01-30T19:00:00,5243,evening_rush
2023-01-30T20:00:00,4561,transition
2023-01-30T21:00:00,4128,transition
2023-01-30T22:00:00,3162,transition
2023-01-30T23:00:00,2034,transition
2023-01-31T00:00:00,1065,night
2023-01-31T01:00:00,479,night
2023-01-31T02:00:00,327,night
2023-01-31T03:00:00,155,night
2023-01-31T04:00:00,243,night
2023-01-31T05:00:00,647,night
2023-01-31T06:00:00,1920,transition
2023-01-31T07:00:00,4218,morning_rush
2023-01-31T08:00:00,5489,morning_rush
2023-01-31T09:00:00,5339,morning_rush
2023-01-31T10:00:00,4978,midday
2023-01-31T11:00:00,4962,midday
2023-01-31T12:00:00,5358,midday
2023-01-31T13:00:00,5422,midday
2023-01-31T14:00:00,5871,midday
2023-01-31T15:00:00,6049,midday
2023-01-31T16:00:00,6127,midday
2023-01-31T17:00:00,6948,evening_rush
2023-01-31T18:00:00,7635,evening_rush
2023-01-31T19:00:00,6586,evening_rush
2023-01-31T20:00:00,6163,transition
2023-01-31T21:00:00,6223,transition
2023-01-31T22:00:00,5127,transition
2023-01-31T23:00:00,3049,transition
2023-02-01T00:00:00,1496,night
2023-02-01T01:00:00,690,night
2023-02-01T02:00:00,373,night
2023-02-01T03:00:00,218,night
2023-02-01T04:00:00,255,night
2023-02-01T05:00:00,657,night
2023-02-01T06:00:00,1768,transition
2023-02-01T07:00:00,4028,morning_rush
2023-02-01T08:00:00,5334,morning_rush
2023-02-01T09:00:00,5452,morning_rush
2023-02-01T10:00:00,5427,midday
2023-02-01T11:00:00,5356,midday
2023-02-01T12:00:00,5864,midday
2023-02-01T13:00:00,5887,midday
2023-02-01T14:00:00,6162,midday
2023-02-01T15:00:00,6567,midday
2023-02-01T16:00:00,6653,midday
2023-02-01T17:00:00,7459,evening_rush
2023-02-01T18:00:00,8125,evening_rush
2023-02-01T19:00:00,7441,evening_rush
2023-02-01T20:00:00,6883,transition
2023-02-01T21:00:00,6916,transition
2023-02-01T22:00:00,5549,transition
2023-02-01T23:00:00,3220,transition
2023-02-02T00:00:00,1707,night
2023-02-02T01:00:00,853,night
2023-02-02T02:00:00,479,night
2023-02-02T03:00:00,310,night
2023-02-02T04:00:00,310,night
2023-02-02T05:00:00,593,night
2023-02-02T06:00:00,1935,transition
2023-02-02T07:00:00,4108,morning_rush
2023-02-02T08:00:00,5431,morning_rush
2023-02-02T09:00:00,5295,morning_rush
2023-02-02T10:00:00,5296,midday
2023-02-02T11:00:00,5553,midday
2023-02-02T12:00:00,5905,midday
2023-02-02T13:00:00,5952,midday
2023-02-02T14:00:00,6671,midday
2023-02-02T15:00:00,6808,midday
2023-02-02T16:00:00,6907,midday
2023-02-02T17:00:00,7919,evening_rush
2023-02-02T18:00:00,8912,evening_rush
2023-02-02T19:00:00,7521,evening_rush
2023-02-02T20:00:00,6763,transition
2023-02-02T21:00:00,7085,transition
2023-02-02T22:00:00,6243,transition
2023-02-02T23:00:00,4518,transition
2023-02-03T00:00:00,2698,night
2023-02-03T01:00:00,1560,night
2023-02-03T02:00:00,898,night
2023-02-03T03:00:00,514,night
2023-02-03T04:00:00,433,night
2023-02-03T05:00:00,618,night
2023-02-03T06:00:00,1649,transition
2023-02-03T07:00:00,3400,morning_rush
2023-02-03T08:00:00,4575,morning_rush
2023-02-03T09:00:00,4788,morning_rush
2023-02-03T10:00:00,5107,midday
2023-02-03T11:00:00,5671,midday
2023-02-03T12:00:00,5950,midday
2023-02-03T13:00:00,6064,midday
2023-02-03T14:00:00,6971,midday
2023-02-03T15:00:00,7469,midday
2023-02-03T16:00:00,7516,midday
2023-02-03T17:00:00,8514,evening_rush
2023-02-03T18:00:00,8958,evening_rush
2023-02-03T19:00:00,8342,evening_rush
2023-02-03T20:00:00,5996,transition
2023-02-03T21:00:00,5965,transition
2023-02-03T22:00:00,5950,transition
2023-02-03T23:00:00,5543,transition
2023-02-04T00:00:00,4302,weekend
2023-02-04T01:00:00,3228,weekend
2023-02-04T02:00:00,2227,weekend
2023-02-04T03:00:00,1349,weekend
2023-02-04T04:00:00,691,weekend
2023-02-04T05:00:00,374,weekend
2023-02-04T06:00:00,750,weekend
2023-02-04T07:00:00,1249,weekend
2023-02-04T08:00:00,2124,weekend
2023-02-04T09:00:00,3066,weekend
2023-02-04T10:00:00,4141,weekend
2023-02-04T11:00:00,4894,weekend
2023-02-04T12:00:00,5447,weekend
2023-02-04T13:00:00,5670,weekend
2023-02-04T14:00:00,5740,weekend
2023-02-04T15:00:00,5874,weekend
2023-02-04T16:00:00,6505,weekend
2023-02-04T17:00:00,6467,weekend
2023-02-04T18:00:00,6638,weekend
2023-02-04T19:00:00,6076,weekend
2023-02-04T20:00:00,4938,weekend
2023-02-04T21:00:00,5226,weekend
2023-02-04T22:00:00,5739,weekend
2023-02-04T23:00:00,5521,weekend
2023-02-05T00:00:00,4814,weekend
2023-02-05T01:00:00,3762,weekend
2023-02-05T02:00:00,2925,weekend
2023-02-05T03:00:00,1868,weekend
2023-02-05T04:00:00,1029,weekend
2023-02-05T05:00:00,430,weekend
2023-02-05T06:00:00,721,weekend
2023-02-05T07:00:00,1181,weekend
2023-02-05T08:00:00,1723,weekend
2023-02-05T09:00:00,2863,weekend
2023-02-05T10:00:00,3908,weekend
2023-02-05T11:00:00,4475,weekend
2023-02-05T12:00:00,5146,weekend
2023-02-05T13:00:00,5487,weekend
2023-02-05T14:00:00,5603,weekend
2023-02-05T15:00:00,5352,weekend
2023-02-05T16:00:00,5779,weekend
2023-02-05T17:00:00,5484,weekend
2023-02-05T18:00:00,5191,weekend
2023-02-05T19:00:00,4279,weekend
2023-02-05T20:00:00,3908,weekend
2023-02-05T21:00:00,3632,weekend
2023-02-05T22:00:00,2665,weekend
2023-02-05T23:00:00,1874,weekend
2023-02-06T00:00:00,1164,night
2023-02-06T01:00:00,546,night
2023-02-06T02:00:00,306,night
2023-02-06T03:00:00,209,night
2023-02-06T04:00:00,251,night
2023-02-06T05:00:00,691,night
2023-02-06T06:00:00,1781,transition
2023-02-06T07:00:00,3629,morning_rush
2023-02-06T08:00:00,4807,morning_rush
2023-02-06T09:00:00,4841,morning_rush
2023-02-06T10:00:00,4772,midday
2023-02-06T11:00:00,4643,midday
2023-02-06T12:00:00,5086,midday
2023-02-06T13:00:00,5389,midday
2023-02-06T14:00:00,5731,midday
2023-02-06T15:00:00,6288,midday
2023-02-06T16:00:00,6182,midday
2023-02-06T17:00:00,6690,evening_rush
2023-02-06T18:00:00,6774,evening_rush
2023-02-06T19:00:00,5582,evening_rush
2023-02-06T20:00:00,5057,transition
2023-02-06T21:00:00,4637,transition
2023-02-06T22:00:00,3627,transition
2023-02-06T23:00:00,2363,transition
2023-02-07T00:00:00,1178,night
2023-02-07T01:00:00,506,night
2023-02-07T02:00:00,274,night
2023-02-07T03:00:00,188,night
2023-02-07T04:00:00,224,night
2023-02-07T05:00:00,572,night
2023-02-07T06:00:00,1800,transition
2023-02-07T07:00:00,3880,morning_rush
2023-02-07T08:00:00,5376,morning_rush
2023-02-07T09:00:00,5529,morning_rush
2023-02-07T10:00:00,5462,midday
2023-02-07T11:00:00,5359,midday
2023-02-07T12:00:00,5704,midday
2023-02-07T13:00:00,5974,midday
2023-02-07T14:00:00,6838,midday
2023-02-07T15:00:00,6766,midday
2023-02-07T16:00:00,6791,midday
2023-02-07T17:00:00,7483,evening_rush
2023-02-07T18:00:00,8002,evening_rush
2023-02-07T19:00:00,6826,evening_rush
2023-02-07T20:00:00,6422,transition
2023-02-07T21:00:00,6895,transition
2023-02-07T22:00:00,4951,transition
2023-02-07T23:00:00,3097,transition
2023-02-08T00:00:00,1472,night
2023-02-08T01:00:00,688,night
2023-02-08T02:00:00,342,night
2023-02-08T03:00:00,218,night
2023-02-08T04:00:00,298,night
2023-02-08T05:00:00,617,night
2023-02-08T06:00:00,1786,transition
2023-02-08T07:00:00,3885,morning_rush
2023-02-08T08:00:00,5266,morning_rush
2023-02-08T09:00:00,5409,morning_rush
2023-02-08T10:00:00,5236,midday
2023-02-08T11:00:00,5444,midday
2023-02-08T12:00:00,5902,midday
2023-02-08T13:00:00,5891,midday
2023-02-08T14:00:00,6422,midday
2023-02-08T15:00:00,6723,midday
2023-02-08T16:00:00,6854,midday
2023-02-08T17:00:00,7565,evening_rush
2023-02-08T18:00:00,8118,evening_rush
2023-02-08T19:00:00,7265,evening_rush
2023-02-08T20:00:00,6543,transition
2023-02-08T21:00:00,6816,transition
2023-02-08T22:00:00,5905,transition
2023-02-08T23:00:00,3732,transition
2023-02-09T00:00:00,2011,night
2023-02-09T01:00:00,963,night
2023-02-09T02:00:00,525,night
2023-02-09T03:00:00,379,night
2023-02-09T04:00:00,308,night
2023-02-09T05:00:00,635,night
2023-02-09T06:00:00,1804,transition
2023-02-09T07:00:00,3962,morning_rush
2023-02-09T08:00:00,5288,morning_rush
2023-02-09T09:00:00,5595,morning_rush
2023-02-09T10:00:00,5447,midday
2023-02-09T11:00:00,5820,midday
2023-02-09T12:00:00,5960,midday
2023-02-09T13:00:00,6179,midday
2023-02-09T14:00:00,6720,midday
2023-02-09T15:00:00,7074,midday
2023-02-09T16:00:00,6982,midday
2023-02-09T17:00:00,7826,evening_rush
2023-02-09T18:00:00,8639,evening_rush
2023-02-09T19:00:00,7547,evening_rush
2023-02-09T20:00:00,6829,transition
2023-02-09T21:00:00,6951,transition
2023-02-09T22:00:00,6638,transition
2023-02-09T23:00:00,5040,transition
2023-02-10T00:00:00,2837,night
2023-02-10T01:00:00,1777,night
2023-02-10T02:00:00,1077,night
2023-02-10T03:00:00,635,night
2023-02-10T04:00:00,528,night
2023-02-10T05:00:00,623,night
2023-02-10T06:00:00,1624,transition
2023-02-10T07:00:00,3350,morning_rush
2023-02-10T08:00:00,4102,morning_rush
2023-02-10T09:00:00,4766,morning_rush
2023-02-10T10:00:00,4948,midday
2023-02-10T11:00:00,5325,midday
2023-02-10T12:00:00,5758,midday
2023-02-10T13:00:00,5932,midday
2023-02-10T14:00:00,6612,midday
2023-02-10T15:00:00,6627,midday
2023-02-10T16:00:00,6810,midday
2023-02-10T17:00:00,7681,evening_rush
2023-02-10T18:00:00,8214,evening_rush
2023-02-10T19:00:00,8074,evening_rush
2023-02-10T20:00:00,6686,transition
2023-02-10T21:00:00,6716,transition
2023-02-10T22:00:00,7121,transition
2023-02-10T23:00:00,6538,transition
2023-02-11T00:00:00,5734,weekend
2023-02-11T01:00:00,4579,weekend
2023-02-11T02:00:00,3648,weekend
2023-02-11T03:00:00,2349,weekend
2023-02-11T04:00:00,1114,weekend
2023-02-11T05:00:00,502,weekend
2023-02-11T06:00:00,766,weekend
2023-02-11T07:00:00,1306,weekend
2023-02-11T08:00:00,2171,weekend
2023-02-11T09:00:00,3469,weekend
2023-02-11T10:00:00,4490,weekend
2023-02-11T11:00:00,5449,weekend
2023-02-11T12:00:00,5915,weekend
2023-02-11T13:00:00,6215,weekend
2023-02-11T14:00:00,6339,weekend
2023-02-11T15:00:00,6499,weekend
2023-02-11T16:00:00,6759,weekend
2023-02-11T17:00:00,7075,weekend
2023-02-11T18:00:00,7626,weekend
2023-02-11T19:00:00,7563,weekend
2023-02-11T20:00:00,6067,weekend
2023-02-11T21:00:00,6037,weekend
2023-02-11T22:00:00,6691,weekend
2023-02-11T23:00:00,6121,weekend
2023-02-12T00:00:00,5604,weekend
2023-02-12T01:00:00,4591,weekend
2023-02-12T02:00:00,3454,weekend
2023-02-12T03:00:00,2346,weekend
2023-02-12T04:00:00,1331,weekend
2023-02-12T05:00:00,499,weekend
2023-02-12T06:00:00,779,weekend
2023-02-12T07:00:00,1091,weekend
2023-02-12T08:00:00,1794,weekend
2023-02-12T09:00:00,2730,weekend
2023-02-12T10:00:00,4000,weekend
2023-02-12T11:00:00,4537,weekend
2023-02-12T12:00:00,5343,weekend
2023-02-12T13:00:00,5645,weekend
2023-02-12T14:00:00,5880,weekend
2023-02-12T15:00:00,5471,weekend
2023-02-12T16:00:00,5768,weekend
2023-02-12T17:00:00,7073,weekend
2023-02-12T18:00:00,6208,weekend
2023-02-12T19:00:00,3758,weekend
2023-02-12T20:00:00,3408,weekend
2023-02-12T21:00:00,3993,weekend
2023-02-12T22:00:00,5693,weekend
2023-02-12T23:00:00,3407,weekend
2023-02-13T00:00:00,1464,night
2023-02-13T01:00:00,627,night
2023-02-13T02:00:00,406,night
2023-02-13T03:00:00,261,night
2023-02-13T04:00:00,331,night
2023-02-13T05:00:00,663,night
2023-02-13T06:00:00,1794,transition
2023-02-13T07:00:00,3549,morning_rush
2023-02-13T08:00:00,4686,morning_rush
2023-02-13T09:00:00,4774,morning_rush
2023-02-13T10:00:00,4806,midday
2023-02-13T11:00:00,4925,midday
2023-02-13T12:00:00,5094,midday
2023-02-13T13:00:00,5190,midday
2023-02-13T14:00:00,5859,midday
2023-02-13T15:00:00,6042,midday
2023-02-13T16:00:00,6120,midday
2023-02-13T17:00:00,6556,evening_rush
2023-02-13T18:00:00,6915,evening_rush
2023-02-13T19:00:00,5973,evening_rush
2023-02-13T20:00:00,5123,transition
2023-02-13T21:00:00,4905,transition
2023-02-13T22:00:00,4371,transition
2023-02-13T23:00:00,2547,transition
2023-02-14T00:00:00,1210,night
2023-02-14T01:00:00,518,night
2023-02-14T02:00:00,300,night
2023-02-14T03:00:00,220,night
2023-02-14T04:00:00,237,night
2023-02-14T05:00:00,573,night
2023-02-14T06:00:00,1891,transition
2023-02-14T07:00:00,3872,morning_rush
2023-02-14T08:00:00,5160,morning_rush
2023-02-14T09:00:00,5337,morning_rush
2023-02-14T10:00:00,5117,midday
2023-02-14T11:00:00,5362,midday
2023-02-14T12:00:00,5686,midday
2023-02-14T13:00:00,5753,midday
2023-02-14T14:00:00,6379,midday
2023-02-14T15:00:00,6581,midday
2023-02-14T16:00:00,6795,midday
2023-02-14T17:00:00,7914,evening_rush
2023-02-14T18:00:00,8979,evening_rush
2023-02-14T19:00:00,8003,evening_rush
2023-02-14T20:00:00,6601,transition
2023-02-14T21:00:00,6054,transition
2023-02-14T22:00:00,5563,transition
2023-02-14T23:00:00,4239,transition
2023-02-15T00:00:00,2148,night
2023-02-15T01:00:00,938,night
2023-02-15T02:00:00,495,night
2023-02-15T03:00:00,345,night
2023-02-15T04:00:00,417,night
2023-02-15T05:00:00,813,night
2023-02-15T06:00:00,1924,transition
2023-02-15T07:00:00,4043,morning_rush
2023-02-15T08:00:00,5239,morning_rush
2023-02-15T09:00:00,5483,morning_rush
2023-02-15T10:00:00,5454,midday
2023-02-15T11:00:00,5473,midday
2023-02-15T12:00:00,5892,midday
2023-02-15T13:00:00,6067,midday
2023-02-15T14:00:00,6689,midday
2023-02-15T15:00:00,6658,midday
2023-02-15T16:00:00,6485,midday
2023-02-15T17:00:00,7791,evening_rush
2023-02-15T18:00:00,8214,evening_rush
2023-02-15T19:00:00,7273,evening_rush
2023-02-15T20:00:00,6658,transition
2023-02-15T21:00:00,6527,transition
2023-02-15T22:00:00,5779,transition
2023-02-15T23:00:00,3833,transition
2023-02-16T00:00:00,1968,night
2023-02-16T01:00:00,931,night
2023-02-16T02:00:00,532,night
2023-02-16T03:00:00,344,night
2023-02-16T04:00:00,400,night
2023-02-16T05:00:00,705,night
2023-02-16T06:00:00,1939,transition
2023-02-16T07:00:00,3807,morning_rush
2023-02-16T08:00:00,5046,morning_rush
2023-02-16T09:00:00,5298,morning_rush
2023-02-16T10:00:00,5139,midday
2023-02-16T11:00:00,5438,midday
2023-02-16T12:00:00,5981,midday
2023-02-16T13:00:00,6276,midday
2023-02-16T14:00:00,7655,midday
2023-02-16T15:00:00,8131,midday
2023-02-16T16:00:00,7327,midday
2023-02-16T17:00:00,7494,evening_rush
2023-02-16T18:00:00,8201,evening_rush
2023-02-16T19:00:00,7168,evening_rush
2023-02-16T20:00:00,6520,transition
2023-02-16T21:00:00,6561,transition
2023-02-16T22:00:00,5800,transition
2023-02-16T23:00:00,4155,transition
2023-02-17T00:00:00,2670,night
2023-02-17T01:00:00,1624,night
2023-02-17T02:00:00,1012,night
2023-02-17T03:00:00,554,night
2023-02-17T04:00:00,525,night
2023-02-17T05:00:00,698,night
2023-02-17T06:00:00,1726,transition
2023-02-17T07:00:00,3367,morning_rush
2023-02-17T08:00:00,4275,morning_rush
2023-02-17T09:00:00,5162,morning_rush
2023-02-17T10:00:00,4775,midday
2023-02-17T11:00:00,5022,midday
2023-02-17T12:00:00,5558,midday
2023-02-17T13:00:00,6462,midday
2023-02-17T14:00:00,6499,midday
2023-02-17T15:00:00,7047,midday
2023-02-17T16:00:00,7502,midday
2023-02-17T17:00:00,7579,evening_rush
2023-02-17T18:00:00,7824,evening_rush
2023-02-17T19:00:00,7572,evening_rush
2023-02-17T20:00:00,6279,transition
2023-02-17T21:00:00,6189,transition
2023-02-17T22:00:00,6158,transition
2023-02-17T23:00:00,5666,transition
2023-02-18T00:00:00,4907,weekend
2023-02-18T01:00:00,3843,weekend
2023-02-18T02:00:00,2924,weekend
2023-02-18T03:00:00,1862,weekend
2023-02-18T04:00:00,941,weekend
2023-02-18T05:00:00,440,weekend
2023-02-18T06:00:00,834,weekend
2023-02-18T07:00:00,1272,weekend
2023-02-18T08:00:00,2126,weekend
2023-02-18T09:00:00,3301,weekend
2023-02-18T10:00:00,4412,weekend
2023-02-18T11:00:00,5006,weekend
2023-02-18T12:00:00,5468,weekend
2023-02-18T13:00:00,5707,weekend
2023-02-18T14:00:00,5970,weekend
2023-02-18T15:00:00,6266,weekend
2023-02-18T16:00:00,6664,weekend
2023-02-18T17:00:00,6568,weekend
2023-02-18T18:00:00,6864,weekend
2023-02-18T19:00:00,6765,weekend
2023-02-18T20:00:00,5543,weekend
2023-02-18T21:00:00,5540,weekend
2023-02-18T22:00:00,6148,weekend
2023-02-18T23:00:00,5901,weekend
2023-02-19T00:00:00,5577,weekend
2023-02-19T01:00:00,4283,weekend
2023-02-19T02:00:00,3352,weekend
2023-02-19T03:00:00,2361,weekend
2023-02-19T04:00:00,1266,weekend
2023-02-19T05:00:00,502,weekend
2023-02-19T06:00:00,715,weekend
2023-02-19T07:00:00,1086,weekend
2023-02-19T08:00:00,1594,weekend
2023-02-19T09:00:00,2592,weekend
2023-02-19T10:00:00,3750,weekend
2023-02-19T11:00:00,4516,weekend
2023-02-19T12:00:00,5182,weekend
2023-02-19T13:00:00,5344,weekend
2023-02-19T14:00:00,5554,weekend
2023-02-19T15:00:00,5674,weekend
2023-02-19T16:00:00,5824,weekend
2023-02-19T17:00:00,5685,weekend
2023-02-19T18:00:00,5510,weekend
2023-02-19T19:00:00,4711,weekend
2023-02-19T20:00:00,4312,weekend
2023-02-19T21:00:00,4062,weekend
2023-02-19T22:00:00,3740,weekend
2023-02-19T23:00:00,2826,weekend
2023-02-20T00:00:00,1909,night
2023-02-20T01:00:00,1075,night
2023-02-20T02:00:00,748,night
2023-02-20T03:00:00,517,night
2023-02-20T04:00:00,451,night
2023-02-20T05:00:00,475,night
2023-02-20T06:00:00,1071,transition
2023-02-20T07:00:00,1587,morning_rush
2023-02-20T08:00:00,2402,morning_rush
2023-02-20T09:00:00,3219,morning_rush
2023-02-20T10:00:00,3917,midday
2023-02-20T11:00:00,4622,midday
2023-02-20T12:00:00,4921,midday
2023-02-20T13:00:00,5277,midday
2023-02-20T14:00:00,5821,midday
2023-02-20T15:00:00,5969,midday
2023-02-20T16:00:00,5797,midday
2023-02-20T17:00:00,5753,evening_rush
2023-02-20T18:00:00,5619,evening_rush
2023-02-20T19:00:00,4803,evening_rush
2023-02-20T20:00:00,4119,transition
2023-02-20T21:00:00,4147,transition
2023-02-20T22:00:00,3237,transition
2023-02-20T23:00:00,2127,transition
2023-02-21T00:00:00,1238,night
2023-02-21T01:00:00,504,night
2023-02-21T02:00:00,223,night
2023-02-21T03:00:00,193,night
2023-02-21T04:00:00,242,night
2023-02-21T05:00:00,693,night
2023-02-21T06:00:00,1936,transition
2023-02-21T07:00:00,3511,morning_rush
2023-02-21T08:00:00,4986,morning_rush
2023-02-21T09:00:00,5344,morning_rush
2023-02-21T10:00:00,5339,midday
2023-02-21T11:00:00,5192,midday
2023-02-21T12:00:00,5696,midday
2023-02-21T13:00:00,5829,midday
2023-02-21T14:00:00,6189,midday
2023-02-21T15:00:00,6801,midday
2023-02-21T16:00:00,6549,midday
2023-02-21T17:00:00,7716,evening_rush
2023-02-21T18:00:00,7208,evening_rush
2023-02-21T19:00:00,6262,evening_rush
2023-02-21T20:00:00,5492,transition
2023-02-21T21:00:00,5447,transition
2023-02-21T22:00:00,4583,transition
2023-02-21T23:00:00,2704,transition
2023-02-22T00:00:00,1540,night
2023-02-22T01:00:00,707,night
2023-02-22T02:00:00,358,night
2023-02-22T03:00:00,244,night
2023-02-22T04:00:00,280,night
2023-02-22T05:00:00,592,night
2023-02-22T06:00:00,1798,transition
2023-02-22T07:00:00,3633,morning_rush
2023-02-22T08:00:00,5225,morning_rush
2023-02-22T09:00:00,5515,morning_rush
2023-02-22T10:00:00,5420,midday
2023-02-22T11:00:00,5667,midday
2023-02-22T12:00:00,6039,midday
2023-02-22T13:00:00,7189,midday
2023-02-22T14:00:00,7971,midday
2023-02-22T15:00:00,7657,midday
2023-02-22T16:00:00,7220,midday
2023-02-22T17:00:00,7415,evening_rush
2023-02-22T18:00:00,8117,evening_rush
2023-02-22T19:00:00,7336,evening_rush
2023-02-22T20:00:00,6406,transition
2023-02-22T21:00:00,6118,transition
2023-02-22T22:00:00,5114,transition
2023-02-22T23:00:00,3313,transition
2023-02-23T00:00:00,1708,night
2023-02-23T01:00:00,878,night
2023-02-23T02:00:00,522,night
2023-02-23T03:00:00,369,night
2023-02-23T04:00:00,324,night
2023-02-23T05:00:00,636,night
2023-02-23T06:00:00,1820,transition
2023-02-23T07:00:00,3611,morning_rush
2023-02-23T08:00:00,4994,morning_rush
2023-02-23T09:00:00,5377,morning_rush
2023-02-23T10:00:00,5404,midday
2023-02-23T11:00:00,5881,midday
2023-02-23T12:00:00,6015,midday
2023-02-23T13:00:00,6329,midday
2023-02-23T14:00:00,7020,midday
2023-02-23T15:00:00,7056,midday
2023-02-23T16:00:00,7556,midday
2023-02-23T17:00:00,8310,evening_rush
2023-02-23T18:00:00,8563,evening_rush
2023-02-23T19:00:00,7647,evening_rush
2023-02-23T20:00:00,6988,transition
2023-02-23T21:00:00,7142,transition
2023-02-23T22:00:00,6544,transition
2023-02-23T23:00:00,4548,transition
2023-02-24T00:00:00,2870,night
2023-02-24T01:00:00,1643,night
2023-02-24T02:00:00,970,night
2023-02-24T03:00:00,567,night
2023-02-24T04:00:00,451,night
2023-02-24T05:00:00,665,night
2023-02-24T06:00:00,1656,transition
2023-02-24T07:00:00,3071,morning_rush
2023-02-24T08:00:00,3968,morning_rush
2023-02-24T09:00:00,4757,morning_rush
2023-02-24T10:00:00,5107,midday
2023-02-24T11:00:00,5397,midday
2023-02-24T12:00:00,5918,midday
2023-02-24T13:00:00,6018,midday
2023-02-24T14:00:00,6966,midday
2023-02-24T15:00:00,7099,midday
2023-02-24T16:00:00,6975,midday
2023-02-24T17:00:00,7796,evening_rush
2023-02-24T18:00:00,8465,evening_rush
2023-02-24T19:00:00,8147,evening_rush
2023-02-24T20:00:00,6703,transition
2023-02-24T21:00:00,6803,transition
2023-02-24T22:00:00,7000,transition
2023-02-24T23:00:00,6480,transition
2023-02-25T00:00:00,5736,weekend
2023-02-25T01:00:00,4663,weekend
2023-02-25T02:00:00,3335,weekend
2023-02-25T03:00:00,2096,weekend
2023-02-25T04:00:00,1115,weekend
2023-02-25T05:00:00,508,weekend
2023-02-25T06:00:00,872,weekend
2023-02-25T07:00:00,1326,weekend
2023-02-25T08:00:00,2169,weekend
2023-02-25T09:00:00,3472,weekend
2023-02-25T10:00:00,4795,weekend
2023-02-25T11:00:00,5347,weekend
2023-02-25T12:00:00,6017,weekend
2023-02-25T13:00:00,6572,weekend
2023-02-25T14:00:00,6563,weekend
2023-02-25T15:00:00,6499,weekend
2023-02-25T16:00:00,6992,weekend
2023-02-25T17:00:00,6807,weekend
2023-02-25T18:00:00,7369,weekend
2023-02-25T19:00:00,7058,weekend
2023-02-25T20:00:00,5607,weekend
2023-02-25T21:00:00,5748,weekend
2023-02-25T22:00:00,6429,weekend
2023-02-25T23:00:00,6496,weekend
2023-02-26T00:00:00,5518,weekend
2023-02-26T01:00:00,4721,weekend
2023-02-26T02:00:00,3452,weekend
2023-02-26T03:00:00,2329,weekend
2023-02-26T04:00:00,1322,weekend
2023-02-26T05:00:00,527,weekend
2023-02-26T06:00:00,818,weekend
2023-02-26T07:00:00,1194,weekend
2023-02-26T08:00:00,1714,weekend
2023-02-26T09:00:00,2893,weekend
2023-02-26T10:00:00,4308,weekend
2023-02-26T11:00:00,5259,weekend
2023-02-26T12:00:00,5665,weekend
2023-02-26T13:00:00,6047,weekend
2023-02-26T14:00:00,5808,weekend
2023-02-26T15:00:00,5416,weekend
2023-02-26T16:00:00,5641,weekend
2023-02-26T17:00:00,5657,weekend
2023-02-26T18:00:00,5254,weekend
2023-02-26T19:00:00,4753,weekend
2023-02-26T20:00:00,3981,weekend
2023-02-26T21:00:00,3749,weekend
2023-02-26T22:00:00,3038,weekend
2023-02-26T23:00:00,2081,weekend
2023-02-27T00:00:00,1202,night
2023-02-27T01:00:00,550,night
2023-02-27T02:00:00,289,night
2023-02-27T03:00:00,225,night
2023-02-27T04:00:00,264,night
2023-02-27T05:00:00,646,night
2023-02-27T06:00:00,1793,transition
2023-02-27T07:00:00,3619,morning_rush
2023-02-27T08:00:00,4812,morning_rush
2023-02-27T09:00:00,4692,morning_rush
2023-02-27T10:00:00,4718,midday
2023-02-27T11:00:00,5114,midday
2023-02-27T12:00:00,5467,midday
2023-02-27T13:00:00,5453,midday
2023-02-27T14:00:00,5891,midday
2023-02-27T15:00:00,6098,midday
2023-02-27T16:00:00,6254,midday
2023-02-27T17:00:00,6736,evening_rush
2023-02-27T18:00:00,7205,evening_rush
2023-02-27T19:00:00,6103,evening_rush
2023-02-27T20:00:00,5278,transition
2023-02-27T21:00:00,4742,transition
2023-02-27T22:00:00,3609,transition
2023-02-27T23:00:00,2232,transition
2023-02-28T00:00:00,1247,night
2023-02-28T01:00:00,505,night
2023-02-28T02:00:00,360,night
2023-02-28T03:00:00,258,night
2023-02-28T04:00:00,300,night
2023-02-28T05:00:00,589,night
2023-02-28T06:00:00,1811,transition
2023-02-28T07:00:00,3849,morning_rush
2023-02-28T08:00:00,5369,morning_rush
2023-02-28T09:00:00,5236,morning_rush
2023-02-28T10:00:00,5106,midday
2023-02-28T11:00:00,5329,midday
2023-02-28T12:00:00,5515,midday
2023-02-28T13:00:00,5657,midday
2023-02-28T14:00:00,6196,midday
2023-02-28T15:00:00,6458,midday
2023-02-28T16:00:00,6151,midday
2023-02-28T17:00:00,7106,evening_rush
2023-02-28T18:00:00,7379,evening_rush
2023-02-28T19:00:00,6307,evening_rush
2023-02-28T20:00:00,6047,transition
2023-02-28T21:00:00,6082,transition
2023-02-28T22:00:00,4961,transition
2023-02-28T23:00:00,3327,transition
2023-03-01T00:00:00,1696,night
2023-03-01T01:00:00,794,night
2023-03-01T02:00:00,336,night
2023-03-01T03:00:00,286,night
2023-03-01T04:00:00,305,night
2023-03-01T05:00:00,635,night
2023-03-01T06:00:00,1861,transition
2023-03-01T07:00:00,4188,morning_rush
2023-03-01T08:00:00,5813,morning_rush
2023-03-01T09:00:00,5822,morning_rush
2023-03-01T10:00:00,5552,midday
2023-03-01T11:00:00,5708,midday
2023-03-01T12:00:00,6252,midday
2023-03-01T13:00:00,6329,midday
2023-03-01T14:00:00,6846,midday
2023-03-01T15:00:00,7247,midday
2023-03-01T16:00:00,7063,midday
2023-03-01T17:00:00,7933,evening_rush
2023-03-01T18:00:00,8654,evening_rush
2023-03-01T19:00:00,7623,evening_rush
2023-03-01T20:00:00,7218,transition
2023-03-01T21:00:00,7111,transition
2023-03-01T22:00:00,6169,transition
2023-03-01T23:00:00,3856,transition
2023-03-02T00:00:00,2018,night
2023-03-02T01:00:00,1023,night
2023-03-02T02:00:00,551,night
2023-03-02T03:00:00,338,night
2023-03-02T04:00:00,309,night
2023-03-02T05:00:00,637,night
2023-03-02T06:00:00,1885,transition
2023-03-02T07:00:00,4197,morning_rush
2023-03-02T08:00:00,5619,morning_rush
2023-03-02T09:00:00,5610,morning_rush
2023-03-02T10:00:00,5492,midday
2023-03-02T11:00:00,5874,midday
2023-03-02T12:00:00,6105,midday
2023-03-02T13:00:00,6334,midday
2023-03-02T14:00:00,6903,midday
2023-03-02T15:00:00,7078,midday
2023-03-02T16:00:00,7185,midday
2023-03-02T17:00:00,8131,evening_rush
2023-03-02T18:00:00,8934,evening_rush
2023-03-02T19:00:00,7625,evening_rush
2023-03-02T20:00:00,7161,transition
2023-03-02T21:00:00,7441,transition
2023-03-02T22:00:00,6982,transition
2023-03-02T23:00:00,5512,transition
2023-03-03T00:00:00,3140,night
2023-03-03T01:00:00,1662,night
2023-03-03T02:00:00,990,night
2023-03-03T03:00:00,573,night
2023-03-03T04:00:00,478,night
2023-03-03T05:00:00,681,night
2023-03-03T06:00:00,1640,transition
2023-03-03T07:00:00,3286,morning_rush
2023-03-03T08:00:00,4505,morning_rush
2023-03-03T09:00:00,4883,morning_rush
2023-03-03T10:00:00,5006,midday
2023-03-03T11:00:00,5262,midday
2023-03-03T12:00:00,5842,midday
2023-03-03T13:00:00,6191,midday
2023-03-03T14:00:00,6983,midday
2023-03-03T15:00:00,7204,midday
2023-03-03T16:00:00,7096,midday
2023-03-03T17:00:00,7770,evening_rush
2023-03-03T18:00:00,7969,evening_rush
2023-03-03T19:00:00,7962,evening_rush
2023-03-03T20:00:00,6857,transition
2023-03-03T21:00:00,7058,transition
2023-03-03T22:00:00,6815,transition
2023-03-03T23:00:00,6575,transition
2023-03-04T00:00:00,5318,weekend
2023-03-04T01:00:00,3802,weekend
2023-03-04T02:00:00,2412,weekend
2023-03-04T03:00:00,1547,weekend
2023-03-04T04:00:00,772,weekend
2023-03-04T05:00:00,383,weekend
2023-03-04T06:00:00,972,weekend
2023-03-04T07:00:00,1478,weekend
2023-03-04T08:00:00,2175,weekend
2023-03-04T09:00:00,3495,weekend
2023-03-04T10:00:00,4374,weekend
2023-03-04T11:00:00,5323,weekend
2023-03-04T12:00:00,6198,weekend
2023-03-04T13:00:00,6637,weekend
2023-03-04T14:00:00,6486,weekend
2023-03-04T15:00:00,6590,weekend
2023-03-04T16:00:00,6998,weekend
2023-03-04T17:00:00,7078,weekend
2023-03-04T18:00:00,7583,weekend
2023-03-04T19:00:00,7373,weekend
2023-03-04T20:00:00,6089,weekend
2023-03-04T21:00:00,6455,weekend
2023-03-04T22:00:00,6813,weekend
2023-03-04T23:00:00,6850,weekend
2023-03-05T00:00:00,5884,weekend
2023-03-05T01:00:00,5172,weekend
2023-03-05T02:00:00,3637,weekend
2023-03-05T03:00:00,2353,weekend
2023-03-05T04:00:00,1147,weekend
2023-03-05T05:00:00,550,weekend
2023-03-05T06:00:00,894,weekend
2023-03-05T07:00:00,1199,weekend
2023-03-05T08:00:00,1811,weekend
2023-03-05T09:00:00,3041,weekend
2023-03-05T10:00:00,4362,weekend
2023-03-05T11:00:00,4965,weekend
2023-03-05T12:00:00,6073,weekend
2023-03-05T13:00:00,6397,weekend
2023-03-05T14:00:00,6472,weekend
2023-03-05T15:00:00,6287,weekend
2023-03-05T16:00:00,6118,weekend
2023-03-05T17:00:00,6226,weekend
2023-03-05T18:00:00,5888,weekend
2023-03-05T19:00:00,4906,weekend
2023-03-05T20:00:00,4300,weekend
2023-03-05T21:00:00,3854,weekend
2023-03-05T22:00:00,2989,weekend
2023-03-05T23:00:00,2487,weekend
2023-03-06T00:00:00,1233,night
2023-03-06T01:00:00,618,night
2023-03-06T02:00:00,361,night
2023-03-06T03:00:00,248,night
2023-03-06T04:00:00,249,night
2023-03-06T05:00:00,620,night
2023-03-06T06:00:00,1762,transition
2023-03-06T07:00:00,3652,morning_rush
2023-03-06T08:00:00,4551,morning_rush
2023-03-06T09:00:00,4668,morning_rush
2023-03-06T10:00:00,4788,midday
2023-03-06T11:00:00,4922,midday
2023-03-06T12:00:00,5375,midday
2023-03-06T13:00:00,5662,midday
2023-03-06T14:00:00,5970,midday
2023-03-06T15:00:00,6287,midday
2023-03-06T16:00:00,6120,midday
2023-03-06T17:00:00,6693,evening_rush
2023-03-06T18:00:00,7182,evening_rush
2023-03-06T19:00:00,6087,evening_rush
2023-03-06T20:00:00,5409,transition
2023-03-06T21:00:00,4793,transition
2023-03-06T22:00:00,3853,transition
2023-03-06T23:00:00,2460,transition
2023-03-07T00:00:00,1262,night
2023-03-07T01:00:00,605,night
2023-03-07T02:00:00,287,night
2023-03-07T03:00:00,188,night
2023-03-07T04:00:00,223,night
2023-03-07T05:00:00,631,night
2023-03-07T06:00:00,1843,transition
2023-03-07T07:00:00,3955,morning_rush
2023-03-07T08:00:00,5071,morning_rush
2023-03-07T09:00:00,5621,morning_rush
2023-03-07T10:00:00,5672,midday
2023-03-07T11:00:00,5736,midday
2023-03-07T12:00:00,5914,midday
2023-03-07T13:00:00,6108,midday
2023-03-07T14:00:00,6837,midday
2023-03-07T15:00:00,7061,midday
2023-03-07T16:00:00,7357,midday
2023-03-07T17:00:00,8624,evening_rush
2023-03-07T18:00:00,9379,evening_rush
2023-03-07T19:00:00,7598,evening_rush
2023-03-07T20:00:00,7029,transition
2023-03-07T21:00:00,7288,transition
2023-03-07T22:00:00,5897,transition
2023-03-07T23:00:00,3616,transition
2023-03-08T00:00:00,1611,night
2023-03-08T01:00:00,743,night
2023-03-08T02:00:00,372,night
2023-03-08T03:00:00,253,night
2023-03-08T04:00:00,282,night
2023-03-08T05:00:00,608,night
2023-03-08T06:00:00,1960,transition
2023-03-08T07:00:00,4137,morning_rush
2023-03-08T08:00:00,5663,morning_rush
2023-03-08T09:00:00,5737,morning_rush
2023-03-08T10:00:00,5728,midday
2023-03-08T11:00:00,6028,midday
2023-03-08T12:00:00,6499,midday
2023-03-08T13:00:00,6393,midday
2023-03-08T14:00:00,7061,midday
2023-03-08T15:00:00,7131,midday
2023-03-08T16:00:00,7094,midday
2023-03-08T17:00:00,8153,evening_rush
2023-03-08T18:00:00,8976,evening_rush
2023-03-08T19:00:00,7909,evening_rush
2023-03-08T20:00:00,7356,transition
2023-03-08T21:00:00,7342,transition
2023-03-08T22:00:00,6464,transition
2023-03-08T23:00:00,3949,transition
2023-03-09T00:00:00,2118,night
2023-03-09T01:00:00,1010,night
2023-03-09T02:00:00,551,night
2023-03-09T03:00:00,348,night
2023-03-09T04:00:00,351,night
2023-03-09T05:00:00,666,night
2023-03-09T06:00:00,1876,transition
2023-03-09T07:00:00,4063,morning_rush
2023-03-09T08:00:00,5620,morning_rush
2023-03-09T09:00:00,5709,morning_rush
2023-03-09T10:00:00,5571,midday
2023-03-09T11:00:00,6187,midday
2023-03-09T12:00:00,6400,midday
2023-03-09T13:00:00,6598,midday
2023-03-09T14:00:00,7091,midday
2023-03-09T15:00:00,7491,midday
2023-03-09T16:00:00,7366,midday
2023-03-09T17:00:00,8338,evening_rush
2023-03-09T18:00:00,9230,evening_rush
2023-03-09T19:00:00,8247,evening_rush
2023-03-09T20:00:00,7298,transition
2023-03-09T21:00:00,7471,transition
2023-03-09T22:00:00,6742,transition
2023-03-09T23:00:00,5363,transition
2023-03-10T00:00:00,3475,night
2023-03-10T01:00:00,1714,night
2023-03-10T02:00:00,1015,night
2023-03-10T03:00:00,598,night
2023-03-10T04:00:00,533,night
2023-03-10T05:00:00,759,night
2023-03-10T06:00:00,1684,transition
2023-03-10T07:00:00,3493,morning_rush
2023-03-10T08:00:00,4563,morning_rush
2023-03-10T09:00:00,5071,morning_rush
2023-03-10T10:00:00,5281,midday
2023-03-10T11:00:00,5613,midday
2023-03-10T12:00:00,5982,midday
2023-03-10T13:00:00,6329,midday
2023-03-10T14:00:00,7224,midday
2023-03-10T15:00:00,7152,midday
2023-03-10T16:00:00,7364,midday
2023-03-10T17:00:00,8677,evening_rush
2023-03-10T18:00:00,8978,evening_rush
2023-03-10T19:00:00,9562,evening_rush
2023-03-10T20:00:00,7210,transition
2023-03-10T21:00:00,6662,transition
2023-03-10T22:00:00,6597,transition
2023-03-10T23:00:00,6257,transition
2023-03-11T00:00:00,4919,weekend
2023-03-11T01:00:00,3828,weekend
2023-03-11T02:00:00,2845,weekend
2023-03-11T03:00:00,1705,weekend
2023-03-11T04:00:00,940,weekend
2023-03-11T05:00:00,437,weekend
2023-03-11T06:00:00,861,weekend
2023-03-11T07:00:00,1511,weekend
2023-03-11T08:00:00,2283,weekend
2023-03-11T09:00:00,3554,weekend
2023-03-11T10:00:00,4424,weekend
2023-03-11T11:00:00,5185,weekend
2023-03-11T12:00:00,5970,weekend
2023-03-11T13:00:00,6113,weekend
2023-03-11T14:00:00,6230,weekend
2023-03-11T15:00:00,6547,weekend
2023-03-11T16:00:00,6912,weekend
2023-03-11T17:00:00,7203,weekend
2023-03-11T18:00:00,7368,weekend
2023-03-11T19:00:00,7091,weekend
2023-03-11T20:00:00,6162,weekend
2023-03-11T21:00:00,5850,weekend
2023-03-11T22:00:00,6655,weekend
2023-03-11T23:00:00,6776,weekend
2023-03-12T00:00:00,6111,weekend
2023-03-12T01:00:00,5231,weekend
2023-03-12T03:00:00,4267,weekend
2023-03-12T04:00:00,2530,weekend
2023-03-12T05:00:00,910,weekend
2023-03-12T06:00:00,794,weekend
2023-03-12T07:00:00,1166,weekend
2023-03-12T08:00:00,1679,weekend
2023-03-12T09:00:00,2818,weekend
2023-03-12T10:00:00,4297,weekend
2023-03-12T11:00:00,4848,weekend
2023-03-12T12:00:00,5743,weekend
2023-03-12T13:00:00,5989,weekend
2023-03-12T14:00:00,5959,weekend
2023-03-12T15:00:00,5782,weekend
2023-03-12T16:00:00,6051,weekend
2023-03-12T17:00:00,6132,weekend
2023-03-12T18:00:00,5946,weekend
2023-03-12T19:00:00,5018,weekend
2023-03-12T20:00:00,4187,weekend
2023-03-12T21:00:00,3930,weekend
2023-03-12T22:00:00,3133,weekend
2023-03-12T23:00:00,2628,weekend
2023-03-13T00:00:00,1750,night
2023-03-13T01:00:00,803,night
2023-03-13T02:00:00,406,night
2023-03-13T03:00:00,291,night
2023-03-13T04:00:00,255,night
2023-03-13T05:00:00,623,night
2023-03-13T06:00:00,1838,transition
2023-03-13T07:00:00,3798,morning_rush
2023-03-13T08:00:00,5307,morning_rush
2023-03-13T09:00:00,5243,morning_rush
2023-03-13T10:00:00,5067,midday
2023-03-13T11:00:00,5355,midday
2023-03-13T12:00:00,5473,midday
2023-03-13T13:00:00,5375,midday
2023-03-13T14:00:00,6765,midday
2023-03-13T15:00:00,7004,midday
2023-03-13T16:00:00,6890,midday
2023-03-13T17:00:00,7506,evening_rush
2023-03-13T18:00:00,7508,evening_rush
2023-03-13T19:00:00,6247,evening_rush
2023-03-13T20:00:00,5611,transition
2023-03-13T21:00:00,5159,transition
2023-03-13T22:00:00,3653,transition
2023-03-13T23:00:00,2571,transition
2023-03-14T00:00:00,1377,night
2023-03-14T01:00:00,667,night
2023-03-14T02:00:00,362,night
2023-03-14T03:00:00,231,night
2023-03-14T04:00:00,237,night
2023-03-14T05:00:00,656,night
2023-03-14T06:00:00,1688,transition
2023-03-14T07:00:00,4176,morning_rush
2023-03-14T08:00:00,5521,morning_rush
2023-03-14T09:00:00,5509,morning_rush
2023-03-14T10:00:00,5161,midday
2023-03-14T11:00:00,5539,midday
2023-03-14T12:00:00,5867,midday
2023-03-14T13:00:00,5964,midday
2023-03-14T14:00:00,6677,midday
2023-03-14T15:00:00,7089,midday
2023-03-14T16:00:00,7024,midday
2023-03-14T17:00:00,7710,evening_rush
2023-03-14T18:00:00,8204,evening_rush
2023-03-14T19:00:00,6761,evening_rush
2023-03-14T20:00:00,6290,transition
2023-03-14T21:00:00,6329,transition
2023-03-14T22:00:00,5218,transition
2023-03-14T23:00:00,3425,transition
2023-03-15T00:00:00,1894,night
2023-03-15T01:00:00,959,night
2023-03-15T02:00:00,458,night
2023-03-15T03:00:00,256,night
2023-03-15T04:00:00,276,night
2023-03-15T05:00:00,620,night
2023-03-15T06:00:00,1786,transition
2023-03-15T07:00:00,4431,morning_rush
2023-03-15T08:00:00,6016,morning_rush
2023-03-15T09:00:00,5963,morning_rush
2023-03-15T10:00:00,5673,midday
2023-03-15T11:00:00,6037,midday
2023-03-15T12:00:00,6323,midday
2023-03-15T13:00:00,6343,midday
2023-03-15T14:00:00,6774,midday
2023-03-15T15:00:00,7251,midday
2023-03-15T16:00:00,7245,midday
2023-03-15T17:00:00,8172,evening_rush
2023-03-15T18:00:00,8826,evening_rush
2023-03-15T19:00:00,8147,evening_rush
2023-03-15T20:00:00,7527,transition
2023-03-15T21:00:00,7225,transition
2023-03-15T22:00:00,6797,transition
2023-03-15T23:00:00,5048,transition
2023-03-16T00:00:00,2521,night
2023-03-16T01:00:00,1361,night
2023-03-16T02:00:00,550,night
2023-03-16T03:00:00,355,night
2023-03-16T04:00:00,398,night
2023-03-16T05:00:00,674,night
2023-03-16T06:00:00,1838,transition
2023-03-16T07:00:00,4213,morning_rush
2023-03-16T08:00:00,5863,morning_rush
2023-03-16T09:00:00,5954,morning_rush
2023-03-16T10:00:00,5873,midday
2023-03-16T11:00:00,6199,midday
2023-03-16T12:00:00,6693,midday
2023-03-16T13:00:00,6367,midday
2023-03-16T14:00:00,7128,midday
2023-03-16T15:00:00,7288,midday
2023-03-16T16:00:00,7676,midday
2023-03-16T17:00:00,8347,evening_rush
2023-03-16T18:00:00,9156,evening_rush
2023-03-16T19:00:00,7960,evening_rush
2023-03-16T20:00:00,7461,transition
2023-03-16T21:00:00,7588,transition
2023-03-16T22:00:00,7135,transition
2023-03-16T23:00:00,5428,transition
2023-03-17T00:00:00,3445,night
2023-03-17T01:00:00,1993,night
2023-03-17T02:00:00,1108,night
2023-03-17T03:00:00,672,night
2023-03-17T04:00:00,516,night
2023-03-17T05:00:00,678,night
2023-03-17T06:00:00,1744,transition
2023-03-17T07:00:00,3445,morning_rush
2023-03-17T08:00:00,4726,morning_rush
2023-03-17T09:00:00,4890,morning_rush
2023-03-17T10:00:00,4598,midday
2023-03-17T11:00:00,4737,midday
2023-03-17T12:00:00,4942,midday
2023-03-17T13:00:00,5268,midday
2023-03-17T14:00:00,6156,midday
2023-03-17T15:00:00,6403,midday
2023-03-17T16:00:00,6251,midday
2023-03-17T17:00:00,7459,evening_rush
2023-03-17T18:00:00,8304,evening_rush
2023-03-17T19:00:00,8139,evening_rush
2023-03-17T20:00:00,6499,transition
2023-03-17T21:00:00,6469,transition
2023-03-17T22:00:00,7092,transition
2023-03-17T23:00:00,7026,transition
2023-03-18T00:00:00,6383,weekend
2023-03-18T01:00:00,5367,weekend
2023-03-18T02:00:00,3695,weekend
2023-03-18T03:00:00,2452,weekend
2023-03-18T04:00:00,1388,weekend
2023-03-18T05:00:00,582,weekend
2023-03-18T06:00:00,909,weekend
2023-03-18T07:00:00,1397,weekend
2023-03-18T08:00:00,2325,weekend
2023-03-18T09:00:00,3570,weekend
2023-03-18T10:00:00,4701,weekend
2023-03-18T11:00:00,5687,weekend
2023-03-18T12:00:00,6132,weekend
2023-03-18T13:00:00,6230,weekend
2023-03-18T14:00:00,6377,weekend
2023-03-18T15:00:00,6644,weekend
2023-03-18T16:00:00,6807,weekend
2023-03-18T17:00:00,7493,weekend
2023-03-18T18:00:00,8047,weekend
2023-03-18T19:00:00,8004,weekend
2023-03-18T20:00:00,6684,weekend
2023-03-18T21:00:00,6561,weekend
2023-03-18T22:00:00,7144,weekend
2023-03-18T23:00:00,7069,weekend
2023-03-19T00:00:00,5791,weekend
2023-03-19T01:00:00,4597,weekend
2023-03-19T02:00:00,3359,weekend
2023-03-19T03:00:00,2291,weekend
2023-03-19T04:00:00,1306,weekend
2023-03-19T05:00:00,618,weekend
2023-03-19T06:00:00,1139,weekend
2023-03-19T07:00:00,1466,weekend
2023-03-19T08:00:00,2143,weekend
2023-03-19T09:00:00,3436,weekend
2023-03-19T10:00:00,4519,weekend
2023-03-19T11:00:00,5670,weekend
2023-03-19T12:00:00,6263,weekend
2023-03-19T13:00:00,6166,weekend
2023-03-19T14:00:00,6681,weekend
2023-03-19T15:00:00,6257,weekend
2023-03-19T16:00:00,6203,weekend
2023-03-19T17:00:00,6360,weekend
2023-03-19T18:00:00,5888,weekend
2023-03-19T19:00:00,5207,weekend
2023-03-19T20:00:00,4738,weekend
2023-03-19T21:00:00,4581,weekend
2023-03-19T22:00:00,3338,weekend
2023-03-19T23:00:00,2538,weekend
2023-03-20T00:00:00,1505,night
2023-03-20T01:00:00,667,night
2023-03-20T02:00:00,323,night
2023-03-20T03:00:00,263,night
2023-03-20T04:00:00,326,night
2023-03-20T05:00:00,611,night
2023-03-20T06:00:00,1778,transition
2023-03-20T07:00:00,3395,morning_rush
2023-03-20T08:00:00,4677,morning_rush
2023-03-20T09:00:00,4783,morning_rush
2023-03-20T10:00:00,4851,midday
2023-03-20T11:00:00,4904,midday
2023-03-20T12:00:00,5281,midday
2023-03-20T13:00:00,5317,midday
2023-03-20T14:00:00,5711,midday
2023-03-20T15:00:00,5744,midday
2023-03-20T16:00:00,5819,midday
2023-03-20T17:00:00,6427,evening_rush
2023-03-20T18:00:00,6689,evening_rush
2023-03-20T19:00:00,5635,evening_rush
2023-03-20T20:00:00,5075,transition
2023-03-20T21:00:00,4962,transition
2023-03-20T22:00:00,4092,transition
2023-03-20T23:00:00,2654,transition
2023-03-21T00:00:00,1302,night
2023-03-21T01:00:00,612,night
2023-03-21T02:00:00,281,night
2023-03-21T03:00:00,195,night
2023-03-21T04:00:00,215,night
2023-03-21T05:00:00,618,night
2023-03-21T06:00:00,1762,transition
2023-03-21T07:00:00,3431,morning_rush
2023-03-21T08:00:00,5008,morning_rush
2023-03-21T09:00:00,5244,morning_rush
2023-03-21T10:00:00,5010,midday
2023-03-21T11:00:00,5243,midday
2023-03-21T12:00:00,5612,midday
2023-03-21T13:00:00,5699,midday
2023-03-21T14:00:00,6273,midday
2023-03-21T15:00:00,6125,midday
2023-03-21T16:00:00,6244,midday
2023-03-21T17:00:00,7087,evening_rush
2023-03-21T18:00:00,7713,evening_rush
2023-03-21T19:00:00,6506,evening_rush
2023-03-21T20:00:00,6280,transition
2023-03-21T21:00:00,6458,transition
2023-03-21T22:00:00,5402,transition
2023-03-21T23:00:00,3555,transition
2023-03-22T00:00:00,1658,night
2023-03-22T01:00:00,767,night
2023-03-22T02:00:00,354,night
2023-03-22T03:00:00,200,night
2023-03-22T04:00:00,258,night
2023-03-22T05:00:00,583,night
2023-03-22T06:00:00,1690,transition
2023-03-22T07:00:00,3570,morning_rush
2023-03-22T08:00:00,5054,morning_rush
2023-03-22T09:00:00,5312,morning_rush
2023-03-22T10:00:00,5262,midday
2023-03-22T11:00:00,5370,midday
2023-03-22T12:00:00,5672,midday
2023-03-22T13:00:00,5738,midday
2023-03-22T14:00:00,6349,midday
2023-03-22T15:00:00,6218,midday
2023-03-22T16:00:00,6280,midday
2023-03-22T17:00:00,7243,evening_rush
2023-03-22T18:00:00,7943,evening_rush
2023-03-22T19:00:00,7350,evening_rush
2023-03-22T20:00:00,6649,transition
2023-03-22T21:00:00,6769,transition
2023-03-22T22:00:00,5872,transition
2023-03-22T23:00:00,3871,transition
2023-03-23T00:00:00,2043,night
2023-03-23T01:00:00,948,night
2023-03-23T02:00:00,564,night
2023-03-23T03:00:00,311,night
2023-03-23T04:00:00,354,night
2023-03-23T05:00:00,656,night
2023-03-23T06:00:00,1719,transition
2023-03-23T07:00:00,3581,morning_rush
2023-03-23T08:00:00,4976,morning_rush
2023-03-23T09:00:00,5253,morning_rush
2023-03-23T10:00:00,5318,midday
2023-03-23T11:00:00,6866,midday
2023-03-23T12:00:00,6595,midday
2023-03-23T13:00:00,6113,midday
2023-03-23T14:00:00,6908,midday
2023-03-23T15:00:00,6762,midday
2023-03-23T16:00:00,6897,midday
2023-03-23T17:00:00,7580,evening_rush
2023-03-23T18:00:00,8263,evening_rush
2023-03-23T19:00:00,7008,evening_rush
2023-03-23T20:00:00,6835,transition
2023-03-23T21:00:00,7007,transition
2023-03-23T22:00:00,6480,transition
2023-03-23T23:00:00,5086,transition
2023-03-24T00:00:00,3360,night
2023-03-24T01:00:00,1832,night
2023-03-24T02:00:00,1044,night
2023-03-24T03:00:00,596,night
2023-03-24T04:00:00,515,night
2023-03-24T05:00:00,791,night
2023-03-24T06:00:00,1561,transition
2023-03-24T07:00:00,2955,morning_rush
2023-03-24T08:00:00,4227,morning_rush
2023-03-24T09:00:00,4775,morning_rush
2023-03-24T10:00:00,5078,midday
2023-03-24T11:00:00,5351,midday
2023-03-24T12:00:00,5779,midday
2023-03-24T13:00:00,5772,midday
2023-03-24T14:00:00,6493,midday
2023-03-24T15:00:00,6454,midday
2023-03-24T16:00:00,6440,midday
2023-03-24T17:00:00,7124,evening_rush
2023-03-24T18:00:00,7734,evening_rush
2023-03-24T19:00:00,7646,evening_rush
2023-03-24T20:00:00,6285,transition
2023-03-24T21:00:00,6162,transition
2023-03-24T22:00:00,6702,transition
2023-03-24T23:00:00,6365,transition
2023-03-25T00:00:00,5638,weekend
2023-03-25T01:00:00,4751,weekend
2023-03-25T02:00:00,3474,weekend
2023-03-25T03:00:00,2118,weekend
2023-03-25T04:00:00,1088,weekend
2023-03-25T05:00:00,529,weekend
2023-03-25T06:00:00,812,weekend
2023-03-25T07:00:00,1244,weekend
2023-03-25T08:00:00,2030,weekend
2023-03-25T09:00:00,3217,weekend
2023-03-25T10:00:00,4414,weekend
2023-03-25T11:00:00,6121,weekend
2023-03-25T12:00:00,6467,weekend
2023-03-25T13:00:00,6430,weekend
2023-03-25T14:00:00,6858,weekend
2023-03-25T15:00:00,7794,weekend
2023-03-25T16:00:00,7082,weekend
2023-03-25T17:00:00,7543,weekend
2023-03-25T18:00:00,7093,weekend
2023-03-25T19:00:00,6927,weekend
2023-03-25T20:00:00,5603,weekend
2023-03-25T21:00:00,5683,weekend
2023-03-25T22:00:00,6175,weekend
2023-03-25T23:00:00,6507,weekend
2023-03-26T00:00:00,5325,weekend
2023-03-26T01:00:00,4494,weekend
2023-03-26T02:00:00,3433,weekend
2023-03-26T03:00:00,2275,weekend
2023-03-26T04:00:00,1199,weekend
2023-03-26T05:00:00,498,weekend
2023-03-26T06:00:00,831,weekend
2023-03-26T07:00:00,1242,weekend
2023-03-26T08:00:00,1829,weekend
2023-03-26T09:00:00,2772,weekend
2023-03-26T10:00:00,4032,weekend
2023-03-26T11:00:00,4823,weekend
2023-03-26T12:00:00,5473,weekend
2023-03-26T13:00:00,5739,weekend
2023-03-26T14:00:00,6142,weekend
2023-03-26T15:00:00,5940,weekend
2023-03-26T16:00:00,5951,weekend
2023-03-26T17:00:00,6121,weekend
2023-03-26T18:00:00,5715,weekend
2023-03-26T19:00:00,5034,weekend
2023-03-26T20:00:00,4704,weekend
2023-03-26T21:00:00,4172,weekend
2023-03-26T22:00:00,3581,weekend
2023-03-26T23:00:00,2805,weekend
2023-03-27T00:00:00,1498,night
2023-03-27T01:00:00,852,night
2023-03-27T02:00:00,447,night
2023-03-27T03:00:00,254,night
2023-03-27T04:00:00,294,night
2023-03-27T05:00:00,650,night
2023-03-27T06:00:00,1639,transition
2023-03-27T07:00:00,3285,morning_rush
2023-03-27T08:00:00,4326,morning_rush
2023-03-27T09:00:00,4568,morning_rush
2023-03-27T10:00:00,4575,midday
2023-03-27T11:00:00,4829,midday
2023-03-27T12:00:00,5106,midday
2023-03-27T13:00:00,5178,midday
2023-03-27T14:00:00,6143,midday
2023-03-27T15:00:00,6217,midday
2023-03-27T16:00:00,6831,midday
2023-03-27T17:00:00,8127,evening_rush
2023-03-27T18:00:00,8539,evening_rush
2023-03-27T19:00:00,6931,evening_rush
2023-03-27T20:00:00,5310,transition
2023-03-27T21:00:00,4618,transition
2023-03-27T22:00:00,3789,transition
2023-03-27T23:00:00,2443,transition
2023-03-28T00:00:00,1296,night
2023-03-28T01:00:00,617,night
2023-03-28T02:00:00,288,night
2023-03-28T03:00:00,165,night
2023-03-28T04:00:00,211,night
2023-03-28T05:00:00,648,night
2023-03-28T06:00:00,1738,transition
2023-03-28T07:00:00,3538,morning_rush
2023-03-28T08:00:00,5063,morning_rush
2023-03-28T09:00:00,5767,morning_rush
2023-03-28T10:00:00,5424,midday
2023-03-28T11:00:00,5436,midday
2023-03-28T12:00:00,5784,midday
2023-03-28T13:00:00,5934,midday
2023-03-28T14:00:00,6433,midday
2023-03-28T15:00:00,6405,midday
2023-03-28T16:00:00,6312,midday
2023-03-28T17:00:00,7243,evening_rush
2023-03-28T18:00:00,7555,evening_rush
2023-03-28T19:00:00,6529,evening_rush
2023-03-28T20:00:00,6567,transition
2023-03-28T21:00:00,6504,transition
2023-03-28T22:00:00,5279,transition
2023-03-28T23:00:00,3584,transition
2023-03-29T00:00:00,1858,night
2023-03-29T01:00:00,680,night
2023-03-29T02:00:00,432,night
2023-03-29T03:00:00,299,night
2023-03-29T04:00:00,266,night
2023-03-29T05:00:00,599,night
2023-03-29T06:00:00,1794,transition
2023-03-29T07:00:00,3509,morning_rush
2023-03-29T08:00:00,4983,morning_rush
2023-03-29T09:00:00,5340,morning_rush
2023-03-29T10:00:00,5308,midday
2023-03-29T11:00:00,5767,midday
2023-03-29T12:00:00,6180,midday
2023-03-29T13:00:00,6087,midday
2023-03-29T14:00:00,6511,midday
2023-03-29T15:00:00,6584,midday
2023-03-29T16:00:00,6704,midday
2023-03-29T17:00:00,7721,evening_rush
2023-03-29T18:00:00,8437,evening_rush
2023-03-29T19:00:00,7573,evening_rush
2023-03-29T20:00:00,7112,transition
2023-03-29T21:00:00,7066,transition
2023-03-29T22:00:00,6394,transition
2023-03-29T23:00:00,4082,transition
2023-03-30T00:00:00,2288,night
2023-03-30T01:00:00,1111,night
2023-03-30T02:00:00,532,night
2023-03-30T03:00:00,321,night
2023-03-30T04:00:00,360,night
2023-03-30T05:00:00,665,night
2023-03-30T06:00:00,1858,transition
2023-03-30T07:00:00,3798,morning_rush
2023-03-30T08:00:00,5460,morning_rush
2023-03-30T09:00:00,5654,morning_rush
2023-03-30T10:00:00,5707,midday
2023-03-30T11:00:00,6083,midday
2023-03-30T12:00:00,6279,midday
2023-03-30T13:00:00,6400,midday
2023-03-30T14:00:00,6801,midday
2023-03-30T15:00:00,7013,midday
2023-03-30T16:00:00,7174,midday
2023-03-30T17:00:00,7720,evening_rush
2023-03-30T18:00:00,8825,evening_rush
2023-03-30T19:00:00,7893,evening_rush
2023-03-30T20:00:00,7734,transition
2023-03-30T21:00:00,7628,transition
2023-03-30T22:00:00,6828,transition
2023-03-30T23:00:00,5183,transition
2023-03-31T00:00:00,3069,night
2023-03-31T01:00:00,1795,night
2023-03-31T02:00:00,1033,night
2023-03-31T03:00:00,629,night
2023-03-31T04:00:00,535,night
2023-03-31T05:00:00,628,night
2023-03-31T06:00:00,1603,transition
2023-03-31T07:00:00,2988,morning_rush
2023-03-31T08:00:00,4112,morning_rush
2023-03-31T09:00:00,4692,morning_rush
2023-03-31T10:00:00,5007,midday
2023-03-31T11:00:00,5428,midday
2023-03-31T12:00:00,6086,midday
2023-03-31T13:00:00,6292,midday
2023-03-31T14:00:00,7045,midday
2023-03-31T15:00:00,6723,midday
2023-03-31T16:00:00,6417,midday
2023-03-31T17:00:00,7897,evening_rush
2023-03-31T18:00:00,9080,evening_rush
2023-03-31T19:00:00,8202,evening_rush
2023-03-31T20:00:00,6511,transition
2023-03-31T21:00:00,6155,transition
2023-03-31T22:00:00,6783,transition
2023-03-31T23:00:00,6564,transition
2023-04-01T00:00:00,5618,weekend
2023-04-01T01:00:00,4638,weekend
2023-04-01T02:00:00,3370,weekend
2023-04-01T03:00:00,2193,weekend
2023-04-01T04:00:00,1013,weekend
2023-04-01T05:00:00,438,weekend
2023-04-01T06:00:00,830,weekend
2023-04-01T07:00:00,1402,weekend
2023-04-01T08:00:00,2233,weekend
2023-04-01T09:00:00,3527,weekend
2023-04-01T10:00:00,5010,weekend
2023-04-01T11:00:00,5358,weekend
2023-04-01T12:00:00,5829,weekend
2023-04-01T13:00:00,6258,weekend
2023-04-01T14:00:00,5727,weekend
2023-04-01T15:00:00,6146,weekend
2023-04-01T16:00:00,6809,weekend
2023-04-01T17:00:00,7147,weekend
2023-04-01T18:00:00,7644,weekend
2023-04-01T19:00:00,8219,weekend
2023-04-01T20:00:00,7907,weekend
2023-04-01T21:00:00,5594,weekend
2023-04-01T22:00:00,6620,weekend
2023-04-01T23:00:00,7471,weekend
2023-04-02T00:00:00,6111,weekend
2023-04-02T01:00:00,5012,weekend
2023-04-02T02:00:00,3607,weekend
2023-04-02T03:00:00,2397,weekend
2023-04-02T04:00:00,1116,weekend
2023-04-02T05:00:00,476,weekend
2023-04-02T06:00:00,870,weekend
2023-04-02T07:00:00,1269,weekend
2023-04-02T08:00:00,2001,weekend
2023-04-02T09:00:00,3268,weekend
2023-04-02T10:00:00,4489,weekend
2023-04-02T11:00:00,5415,weekend
2023-04-02T12:00:00,6129,weekend
2023-04-02T13:00:00,6077,weekend
2023-04-02T14:00:00,6469,weekend
2023-04-02T15:00:00,6020,weekend
2023-04-02T16:00:00,6355,weekend
2023-04-02T17:00:00,6290,weekend
2023-04-02T18:00:00,6018,weekend
2023-04-02T19:00:00,5011,weekend
2023-04-02T20:00:00,5130,weekend
2023-04-02T21:00:00,4460,weekend
2023-04-02T22:00:00,3292,weekend
2023-04-02T23:00:00,2594,weekend
2023-04-03T00:00:00,1446,night
2023-04-03T01:00:00,704,night
2023-04-03T02:00:00,355,night
2023-04-03T03:00:00,251,night
2023-04-03T04:00:00,348,night
2023-04-03T05:00:00,603,night
2023-04-03T06:00:00,1698,transition
2023-04-03T07:00:00,3552,morning_rush
2023-04-03T08:00:00,4639,morning_rush
2023-04-03T09:00:00,4980,morning_rush
2023-04-03T10:00:00,5159,midday
2023-04-03T11:00:00,5322,midday
2023-04-03T12:00:00,5655,midday
2023-04-03T13:00:00,5721,midday
2023-04-03T14:00:00,6280,midday
2023-04-03T15:00:00,6537,midday
2023-04-03T16:00:00,6466,midday
2023-04-03T17:00:00,6925,evening_rush
2023-04-03T18:00:00,6969,evening_rush
2023-04-03T19:00:00,5841,evening_rush
2023-04-03T20:00:00,5614,transition
2023-04-03T21:00:00,4947,transition
2023-04-03T22:00:00,4017,transition
2023-04-03T23:00:00,2886,transition
2023-04-04T00:00:00,1362,night
2023-04-04T01:00:00,684,night
2023-04-04T02:00:00,376,night
2023-04-04T03:00:00,167,night
2023-04-04T04:00:00,225,night
2023-04-04T05:00:00,611,night
2023-04-04T06:00:00,1651,transition
2023-04-04T07:00:00,3761,morning_rush
2023-04-04T08:00:00,5000,morning_rush
2023-04-04T09:00:00,5271,morning_rush
2023-04-04T10:00:00,5353,midday
2023-04-04T11:00:00,5663,midday
2023-04-04T12:00:00,5968,midday
2023-04-04T13:00:00,6131,midday
2023-04-04T14:00:00,6801,midday
2023-04-04T15:00:00,7016,midday
2023-04-04T16:00:00,6867,midday
2023-04-04T17:00:00,7847,evening_rush
2023-04-04T18:00:00,8292,evening_rush
2023-04-04T19:00:00,7036,evening_rush
2023-04-04T20:00:00,6919,transition
2023-04-04T21:00:00,6343,transition
2023-04-04T22:00:00,5604,transition
2023-04-04T23:00:00,3641,transition
2023-04-05T00:00:00,1823,night
2023-04-05T01:00:00,840,night
2023-04-05T02:00:00,432,night
2023-04-05T03:00:00,246,night
2023-04-05T04:00:00,273,night
2023-04-05T05:00:00,667,night
2023-04-05T06:00:00,1758,transition
2023-04-05T07:00:00,3897,morning_rush
2023-04-05T08:00:00,5282,morning_rush
2023-04-05T09:00:00,5546,morning_rush
2023-04-05T10:00:00,5848,midday
2023-04-05T11:00:00,6563,midday
2023-04-05T12:00:00,6870,midday
2023-04-05T13:00:00,6972,midday
2023-04-05T14:00:00,7271,midday
2023-04-05T15:00:00,7407,midday
2023-04-05T16:00:00,7602,midday
2023-04-05T17:00:00,8671,evening_rush
2023-04-05T18:00:00,8445,evening_rush
2023-04-05T19:00:00,6812,evening_rush
2023-04-05T20:00:00,6177,transition
2023-04-05T21:00:00,6328,transition
2023-04-05T22:00:00,5954,transition
2023-04-05T23:00:00,3966,transition
2023-04-06T00:00:00,2227,night
2023-04-06T01:00:00,1215,night
2023-04-06T02:00:00,557,night
2023-04-06T03:00:00,361,night
2023-04-06T04:00:00,354,night
2023-04-06T05:00:00,622,night
2023-04-06T06:00:00,1529,transition
2023-04-06T07:00:00,3181,morning_rush
2023-04-06T08:00:00,4231,morning_rush
2023-04-06T09:00:00,4806,morning_rush
2023-04-06T10:00:00,5179,midday
2023-04-06T11:00:00,5625,midday
2023-04-06T12:00:00,6219,midday
2023-04-06T13:00:00,6344,midday
2023-04-06T14:00:00,7025,midday
2023-04-06T15:00:00,6925,midday
2023-04-06T16:00:00,6958,midday
2023-04-06T17:00:00,7659,evening_rush
2023-04-06T18:00:00,7784,evening_rush
2023-04-06T19:00:00,6212,evening_rush
2023-04-06T20:00:00,6095,transition
2023-04-06T21:00:00,6307,transition
2023-04-06T22:00:00,5987,transition
2023-04-06T23:00:00,4731,transition
2023-04-07T00:00:00,3177,night
2023-04-07T01:00:00,1929,night
2023-04-07T02:00:00,1236,night
2023-04-07T03:00:00,684,night
2023-04-07T04:00:00,498,night
2023-04-07T05:00:00,574,night
2023-04-07T06:00:00,1315,transition
2023-04-07T07:00:00,1933,morning_rush
2023-04-07T08:00:00,3092,morning_rush
2023-04-07T09:00:00,4209,morning_rush
2023-04-07T10:00:00,4965,midday
2023-04-07T11:00:00,5531,midday
2023-04-07T12:00:00,5813,midday
2023-04-07T13:00:00,6289,midday
2023-04-07T14:00:00,6726,midday
2023-04-07T15:00:00,7028,midday
2023-04-07T16:00:00,6707,midday
2023-04-07T17:00:00,6983,evening_rush
2023-04-07T18:00:00,7343,evening_rush
2023-04-07T19:00:00,6419,evening_rush
2023-04-07T20:00:00,5872,transition
2023-04-07T21:00:00,5840,transition
2023-04-07T22:00:00,6192,transition
2023-04-07T23:00:00,5687,transition
2023-04-08T00:00:00,4515,weekend
2023-04-08T01:00:00,3522,weekend
2023-04-08T02:00:00,2623,weekend
2023-04-08T03:00:00,1694,weekend
2023-04-08T04:00:00,884,weekend
2023-04-08T05:00:00,403,weekend
2023-04-08T06:00:00,795,weekend
2023-04-08T07:00:00,1195,weekend
2023-04-08T08:00:00,1932,weekend
2023-04-08T09:00:00,2994,weekend
2023-04-08T10:00:00,4252,weekend
2023-04-08T11:00:00,5070,weekend
2023-04-08T12:00:00,5670,weekend
2023-04-08T13:00:00,5966,weekend
2023-04-08T14:00:00,5753,weekend
2023-04-08T15:00:00,6210,weekend
2023-04-08T16:00:00,6677,weekend
2023-04-08T17:00:00,6574,weekend
2023-04-08T18:00:00,6638,weekend
2023-04-08T19:00:00,6235,weekend
2023-04-08T20:00:00,5327,weekend
2023-04-08T21:00:00,5367,weekend
2023-04-08T22:00:00,5861,weekend
2023-04-08T23:00:00,5422,weekend
2023-04-09T00:00:00,3913,weekend
2023-04-09T01:00:00,3242,weekend
2023-04-09T02:00:00,2437,weekend
2023-04-09T03:00:00,1597,weekend
2023-04-09T04:00:00,1032,weekend
2023-04-09T05:00:00,476,weekend
2023-04-09T06:00:00,722,weekend
2023-04-09T07:00:00,1143,weekend
2023-04-09T08:00:00,1819,weekend
2023-04-09T09:00:00,3021,weekend
2023-04-09T10:00:00,4475,weekend
2023-04-09T11:00:00,5054,weekend
2023-04-09T12:00:00,5489,weekend
2023-04-09T13:00:00,5642,weekend
2023-04-09T14:00:00,5588,weekend
2023-04-09T15:00:00,5540,weekend
2023-04-09T16:00:00,5797,weekend
2023-04-09T17:00:00,5656,weekend
2023-04-09T18:00:00,5069,weekend
2023-04-09T19:00:00,4808,weekend
2023-04-09T20:00:00,5055,weekend
2023-04-09T21:00:00,4606,weekend
2023-04-09T22:00:00,3618,weekend
2023-04-09T23:00:00,2649,weekend
2023-04-10T00:00:00,1225,night
2023-04-10T01:00:00,569,night
2023-04-10T02:00:00,318,night
2023-04-10T03:00:00,212,night
2023-04-10T04:00:00,243,night
2023-04-10T05:00:00,588,night
2023-04-10T06:00:00,1491,transition
2023-04-10T07:00:00,3077,morning_rush
2023-04-10T08:00:00,4367,morning_rush
2023-04-10T09:00:00,4841,morning_rush
2023-04-10T10:00:00,4821,midday
2023-04-10T11:00:00,5002,midday
2023-04-10T12:00:00,5351,midday
2023-04-10T13:00:00,5577,midday
2023-04-10T14:00:00,5971,midday
2023-04-10T15:00:00,6083,midday
2023-04-10T16:00:00,5878,midday
2023-04-10T17:00:00,6370,evening_rush
2023-04-10T18:00:00,6483,evening_rush
2023-04-10T19:00:00,5462,evening_rush
2023-04-10T20:00:00,4948,transition
2023-04-10T21:00:00,4548,transition
2023-04-10T22:00:00,3751,transition
2023-04-10T23:00:00,2617,transition
2023-04-11T00:00:00,1327,night
2023-04-11T01:00:00,714,night
2023-04-11T02:00:00,280,night
2023-04-11T03:00:00,154,night
2023-04-11T04:00:00,200,night
2023-04-11T05:00:00,543,night
2023-04-11T06:00:00,1585,transition
2023-04-11T07:00:00,3451,morning_rush
2023-04-11T08:00:00,4714,morning_rush
2023-04-11T09:00:00,5305,morning_rush
2023-04-11T10:00:00,5221,midday
2023-04-11T11:00:00,5561,midday
2023-04-11T12:00:00,5861,midday
2023-04-11T13:00:00,6071,midday
2023-04-11T14:00:00,6650,midday
2023-04-11T15:00:00,6979,midday
2023-04-11T16:00:00,6957,midday
2023-04-11T17:00:00,7399,evening_rush
2023-04-11T18:00:00,7836,evening_rush
2023-04-11T19:00:00,6433,evening_rush
2023-04-11T20:00:00,6179,transition
2023-04-11T21:00:00,6335,transition
2023-04-11T22:00:00,5358,transition
2023-04-11T23:00:00,3794,transition
2023-04-12T00:00:00,1893,night
2023-04-12T01:00:00,894,night
2023-04-12T02:00:00,392,night
2023-04-12T03:00:00,231,night
2023-04-12T04:00:00,258,night
2023-04-12T05:00:00,563,night
2023-04-12T06:00:00,1644,transition
2023-04-12T07:00:00,3443,morning_rush
2023-04-12T08:00:00,4782,morning_rush
2023-04-12T09:00:00,5441,morning_rush
2023-04-12T10:00:00,5463,midday
2023-04-12T11:00:00,6123,midday
2023-04-12T12:00:00,6337,midday
2023-04-12T13:00:00,6490,midday
2023-04-12T14:00:00,7005,midday
2023-04-12T15:00:00,7112,midday
2023-04-12T16:00:00,7060,midday
2023-04-12T17:00:00,8038,evening_rush
2023-04-12T18:00:00,8255,evening_rush
2023-04-12T19:00:00,7150,evening_rush
2023-04-12T20:00:00,7041,transition
2023-04-12T21:00:00,7091,transition
2023-04-12T22:00:00,6299,transition
2023-04-12T23:00:00,4278,transition
2023-04-13T00:00:00,2243,night
2023-04-13T01:00:00,1210,night
2023-04-13T02:00:00,721,night
2023-04-13T03:00:00,386,night
2023-04-13T04:00:00,408,night
2023-04-13T05:00:00,619,night
2023-04-13T06:00:00,1793,transition
2023-04-13T07:00:00,3525,morning_rush
2023-04-13T08:00:00,4804,morning_rush
2023-04-13T09:00:00,5288,morning_rush
2023-04-13T10:00:00,5595,midday
2023-04-13T11:00:00,5999,midday
2023-04-13T12:00:00,6327,midday
2023-04-13T13:00:00,6735,midday
2023-04-13T14:00:00,7447,midday
2023-04-13T15:00:00,7522,midday
2023-04-13T16:00:00,7484,midday
2023-04-13T17:00:00,8245,evening_rush
2023-04-13T18:00:00,9234,evening_rush
2023-04-13T19:00:00,7973,evening_rush
2023-04-13T20:00:00,7896,transition
2023-04-13T21:00:00,7746,transition
2023-04-13T22:00:00,7258,transition
2023-04-13T23:00:00,5641,transition
2023-04-14T00:00:00,3668,night
2023-04-14T01:00:00,2164,night
2023-04-14T02:00:00,1178,night
2023-04-14T03:00:00,682,night
2023-04-14T04:00:00,555,night
2023-04-14T05:00:00,732,night
2023-04-14T06:00:00,1643,transition
2023-04-14T07:00:00,2945,morning_rush
2023-04-14T08:00:00,3988,morning_rush
2023-04-14T09:00:00,4859,morning_rush
2023-04-14T10:00:00,5345,midday
2023-04-14T11:00:00,5859,midday
2023-04-14T12:00:00,6205,midday
2023-04-14T13:00:00,6352,midday
2023-04-14T14:00:00,7390,midday
2023-04-14T15:00:00,7433,midday
2023-04-14T16:00:00,7458,midday
2023-04-14T17:00:00,8605,evening_rush
2023-04-14T18:00:00,9738,evening_rush
2023-04-14T19:00:00,8506,evening_rush
2023-04-14T20:00:00,7117,transition
2023-04-14T21:00:00,6938,transition
2023-04-14T22:00:00,7459,transition
2023-04-14T23:00:00,7166,transition
2023-04-15T00:00:00,6226,weekend
2023-04-15T01:00:00,5025,weekend
2023-04-15T02:00:00,3700,weekend
2023-04-15T03:00:00,2116,weekend
2023-04-15T04:00:00,1168,weekend
2023-04-15T05:00:00,577,weekend
2023-04-15T06:00:00,1010,weekend
2023-04-15T07:00:00,1569,weekend
2023-04-15T08:00:00,2444,weekend
2023-04-15T09:00:00,3770,weekend
2023-04-15T10:00:00,4923,weekend
2023-04-15T11:00:00,5887,weekend
2023-04-15T12:00:00,6419,weekend
2023-04-15T13:00:00,6744,weekend
2023-04-15T14:00:00,6429,weekend
2023-04-15T15:00:00,6285,weekend
2023-04-15T16:00:00,6581,weekend
2023-04-15T17:00:00,7449,weekend
2023-04-15T18:00:00,8069,weekend
2023-04-15T19:00:00,7122,weekend
2023-04-15T20:00:00,5869,weekend
2023-04-15T21:00:00,5998,weekend
2023-04-15T22:00:00,6800,weekend
2023-04-15T23:00:00,6756,weekend
2023-04-16T00:00:00,5990,weekend
2023-04-16T01:00:00,4906,weekend
2023-04-16T02:00:00,3519,weekend
2023-04-16T03:00:00,2229,weekend
2023-04-16T04:00:00,1160,weekend
2023-04-16T05:00:00,540,weekend
2023-04-16T06:00:00,840,weekend
2023-04-16T07:00:00,1251,weekend
2023-04-16T08:00:00,2025,weekend
2023-04-16T09:00:00,3052,weekend
2023-04-16T10:00:00,4446,weekend
2023-04-16T11:00:00,5171,weekend
2023-04-16T12:00:00,5973,weekend
2023-04-16T13:00:00,6270,weekend
2023-04-16T14:00:00,6392,weekend
2023-04-16T15:00:00,6117,weekend
2023-04-16T16:00:00,6124,weekend
2023-04-16T17:00:00,6117,weekend
2023-04-16T18:00:00,5720,weekend
2023-04-16T19:00:00,4986,weekend
2023-04-16T20:00:00,5047,weekend
2023-04-16T21:00:00,4476,weekend
2023-04-16T22:00:00,3626,weekend
2023-04-16T23:00:00,2551,weekend
2023-04-17T00:00:00,1591,night
2023-04-17T01:00:00,858,night
2023-04-17T02:00:00,357,night
2023-04-17T03:00:00,291,night
2023-04-17T04:00:00,332,night
2023-04-17T05:00:00,669,night
2023-04-17T06:00:00,1818,transition
2023-04-17T07:00:00,3772,morning_rush
2023-04-17T08:00:00,5108,morning_rush
2023-04-17T09:00:00,5016,morning_rush
2023-04-17T10:00:00,5054,midday
2023-04-17T11:00:00,5244,midday
2023-04-17T12:00:00,5699,midday
2023-04-17T13:00:00,5801,midday
2023-04-17T14:00:00,6027,midday
2023-04-17T15:00:00,6323,midday
2023-04-17T16:00:00,6067,midday
2023-04-17T17:00:00,6873,evening_rush
2023-04-17T18:00:00,7211,evening_rush
2023-04-17T19:00:00,5696,evening_rush
2023-04-17T20:00:00,5693,transition
2023-04-17T21:00:00,5264,transition
2023-04-17T22:00:00,4314,transition
2023-04-17T23:00:00,2767,transition
2023-04-18T00:00:00,1503,night
2023-04-18T01:00:00,648,night
2023-04-18T02:00:00,317,night
2023-04-18T03:00:00,183,night
2023-04-18T04:00:00,234,night
2023-04-18T05:00:00,642,night
2023-04-18T06:00:00,1799,transition
2023-04-18T07:00:00,3926,morning_rush
2023-04-18T08:00:00,5420,morning_rush
2023-04-18T09:00:00,5982,morning_rush
2023-04-18T10:00:00,5839,midday
2023-04-18T11:00:00,6192,midday
2023-04-18T12:00:00,6293,midday
2023-04-18T13:00:00,6486,midday
2023-04-18T14:00:00,6801,midday
2023-04-18T15:00:00,6972,midday
2023-04-18T16:00:00,7032,midday
2023-04-18T17:00:00,7855,evening_rush
2023-04-18T18:00:00,8480,evening_rush
2023-04-18T19:00:00,7458,evening_rush
2023-04-18T20:00:00,7298,transition
2023-04-18T21:00:00,7269,transition
2023-04-18T22:00:00,6520,transition
2023-04-18T23:00:00,3866,transition
2023-04-19T00:00:00,1784,night
2023-04-19T01:00:00,789,night
2023-04-19T02:00:00,328,night
2023-04-19T03:00:00,207,night
2023-04-19T04:00:00,249,night
2023-04-19T05:00:00,675,night
2023-04-19T06:00:00,1883,transition
2023-04-19T07:00:00,4157,morning_rush
2023-04-19T08:00:00,5701,morning_rush
2023-04-19T09:00:00,5925,morning_rush
2023-04-19T10:00:00,6053,midday
2023-04-19T11:00:00,6237,midday
2023-04-19T12:00:00,6562,midday
2023-04-19T13:00:00,6427,midday
2023-04-19T14:00:00,7043,midday
2023-04-19T15:00:00,7043,midday
2023-04-19T16:00:00,7175,midday
2023-04-19T17:00:00,7840,evening_rush
2023-04-19T18:00:00,8315,evening_rush
2023-04-19T19:00:00,7333,evening_rush
2023-04-19T20:00:00,7337,transition
2023-04-19T21:00:00,7597,transition
2023-04-19T22:00:00,6630,transition
2023-04-19T23:00:00,4401,transition
2023-04-20T00:00:00,2414,night
2023-04-20T01:00:00,1121,night
2023-04-20T02:00:00,532,night
2023-04-20T03:00:00,314,night
2023-04-20T04:00:00,379,night
2023-04-20T05:00:00,762,night
2023-04-20T06:00:00,1976,transition
2023-04-20T07:00:00,4092,morning_rush
2023-04-20T08:00:00,5638,morning_rush
2023-04-20T09:00:00,5761,morning_rush
2023-04-20T10:00:00,5526,midday
2023-04-20T11:00:00,6011,midday
2023-04-20T12:00:00,6603,midday
2023-04-20T13:00:00,6604,midday
2023-04-20T14:00:00,7381,midday
2023-04-20T15:00:00,7357,midday
2023-04-20T16:00:00,7676,midday
2023-04-20T17:00:00,8679,evening_rush
2023-04-20T18:00:00,9476,evening_rush
2023-04-20T19:00:00,8293,evening_rush
2023-04-20T20:00:00,8059,transition
2023-04-20T21:00:00,7898,transition
2023-04-20T22:00:00,7269,transition
2023-04-20T23:00:00,5927,transition
2023-04-21T00:00:00,3666,night
2023-04-21T01:00:00,2160,night
2023-04-21T02:00:00,1053,night
2023-04-21T03:00:00,633,night
2023-04-21T04:00:00,592,night
2023-04-21T05:00:00,773,night
2023-04-21T06:00:00,1716,transition
2023-04-21T07:00:00,3141,morning_rush
2023-04-21T08:00:00,4068,morning_rush
2023-04-21T09:00:00,4571,morning_rush
2023-04-21T10:00:00,5025,midday
2023-04-21T11:00:00,5337,midday
2023-04-21T12:00:00,5907,midday
2023-04-21T13:00:00,6192,midday
2023-04-21T14:00:00,6768,midday
2023-04-21T15:00:00,6878,midday
2023-04-21T16:00:00,6925,midday
2023-04-21T17:00:00,8155,evening_rush
2023-04-21T18:00:00,8787,evening_rush
2023-04-21T19:00:00,8354,evening_rush
2023-04-21T20:00:00,6765,transition
2023-04-21T21:00:00,6445,transition
2023-04-21T22:00:00,6724,transition
2023-04-21T23:00:00,6277,transition
2023-04-22T00:00:00,5187,weekend
2023-04-22T01:00:00,3944,weekend
2023-04-22T02:00:00,3077,weekend
2023-04-22T03:00:00,1995,weekend
2023-04-22T04:00:00,1083,weekend
2023-04-22T05:00:00,497,weekend
2023-04-22T06:00:00,934,weekend
2023-04-22T07:00:00,1415,weekend
2023-04-22T08:00:00,2398,weekend
2023-04-22T09:00:00,3665,weekend
2023-04-22T10:00:00,4708,weekend
2023-04-22T11:00:00,5690,weekend
2023-04-22T12:00:00,6454,weekend
2023-04-22T13:00:00,6606,weekend
2023-04-22T14:00:00,6225,weekend
2023-04-22T15:00:00,6551,weekend
2023-04-22T16:00:00,7318,weekend
2023-04-22T17:00:00,8663,weekend
2023-04-22T18:00:00,8198,weekend
2023-04-22T19:00:00,7340,weekend
2023-04-22T20:00:00,5872,weekend
2023-04-22T21:00:00,6697,weekend
2023-04-22T22:00:00,7108,weekend
2023-04-22T23:00:00,6375,weekend
2023-04-23T00:00:00,5305,weekend
2023-04-23T01:00:00,4234,weekend
2023-04-23T02:00:00,2904,weekend
2023-04-23T03:00:00,1764,weekend
2023-04-23T04:00:00,997,weekend
2023-04-23T05:00:00,512,weekend
2023-04-23T06:00:00,1007,weekend
2023-04-23T07:00:00,1481,weekend
2023-04-23T08:00:00,2262,weekend
2023-04-23T09:00:00,3561,weekend
2023-04-23T10:00:00,4484,weekend
2023-04-23T11:00:00,5398,weekend
2023-04-23T12:00:00,6278,weekend
2023-04-23T13:00:00,6357,weekend
2023-04-23T14:00:00,6295,weekend
2023-04-23T15:00:00,5835,weekend
2023-04-23T16:00:00,6212,weekend
2023-04-23T17:00:00,6333,weekend
2023-04-23T18:00:00,6152,weekend
2023-04-23T19:00:00,5255,weekend
2023-04-23T20:00:00,4808,weekend
2023-04-23T21:00:00,4301,weekend
2023-04-23T22:00:00,3658,weekend
2023-04-23T23:00:00,2667,weekend
2023-04-24T00:00:00,1401,night
2023-04-24T01:00:00,640,night
2023-04-24T02:00:00,318,night
2023-04-24T03:00:00,251,night
2023-04-24T04:00:00,301,night
2023-04-24T05:00:00,693,night
2023-04-24T06:00:00,1839,transition
2023-04-24T07:00:00,3808,morning_rush
2023-04-24T08:00:00,4800,morning_rush
2023-04-24T09:00:00,4997,morning_rush
2023-04-24T10:00:00,4928,midday
2023-04-24T11:00:00,5096,midday
2023-04-24T12:00:00,5508,midday
2023-04-24T13:00:00,5582,midday
2023-04-24T14:00:00,6328,midday
2023-04-24T15:00:00,6667,midday
2023-04-24T16:00:00,6551,midday
2023-04-24T17:00:00,7473,evening_rush
2023-04-24T18:00:00,7611,evening_rush
2023-04-24T19:00:00,6009,evening_rush
2023-04-24T20:00:00,5629,transition
2023-04-24T21:00:00,5826,transition
2023-04-24T22:00:00,4735,transition
2023-04-24T23:00:00,2937,transition
2023-04-25T00:00:00,1360,night
2023-04-25T01:00:00,643,night
2023-04-25T02:00:00,242,night
2023-04-25T03:00:00,181,night
2023-04-25T04:00:00,219,night
2023-04-25T05:00:00,697,night
2023-04-25T06:00:00,1857,transition
2023-04-25T07:00:00,3963,morning_rush
2023-04-25T08:00:00,5467,morning_rush
2023-04-25T09:00:00,5590,morning_rush
2023-04-25T10:00:00,5591,midday
2023-04-25T11:00:00,5657,midday
2023-04-25T12:00:00,6164,midday
2023-04-25T13:00:00,6492,midday
2023-04-25T14:00:00,7117,midday
2023-04-25T15:00:00,6914,midday
2023-04-25T16:00:00,7022,midday
2023-04-25T17:00:00,7855,evening_rush
2023-04-25T18:00:00,8414,evening_rush
2023-04-25T19:00:00,7127,evening_rush
2023-04-25T20:00:00,6686,transition
2023-04-25T21:00:00,7041,transition
2023-04-25T22:00:00,6378,transition
2023-04-25T23:00:00,4196,transition
2023-04-26T00:00:00,1919,night
2023-04-26T01:00:00,809,night
2023-04-26T02:00:00,397,night
2023-04-26T03:00:00,252,night
2023-04-26T04:00:00,285,night
2023-04-26T05:00:00,666,night
2023-04-26T06:00:00,1928,transition
2023-04-26T07:00:00,4216,morning_rush
2023-04-26T08:00:00,5604,morning_rush
2023-04-26T09:00:00,5718,morning_rush
2023-04-26T10:00:00,5701,midday
2023-04-26T11:00:00,6079,midday
2023-04-26T12:00:00,6492,midday
2023-04-26T13:00:00,6425,midday
2023-04-26T14:00:00,7175,midday
2023-04-26T15:00:00,7214,midday
2023-04-26T16:00:00,7322,midday
2023-04-26T17:00:00,8098,evening_rush
2023-04-26T18:00:00,8995,evening_rush
2023-04-26T19:00:00,8106,evening_rush
2023-04-26T20:00:00,7548,transition
2023-04-26T21:00:00,7713,transition
2023-04-26T22:00:00,6915,transition
2023-04-26T23:00:00,4559,transition
2023-04-27T00:00:00,2538,night
2023-04-27T01:00:00,1172,night
2023-04-27T02:00:00,599,night
2023-04-27T03:00:00,361,night
2023-04-27T04:00:00,331,night
2023-04-27T05:00:00,730,night
2023-04-27T06:00:00,1921,transition
2023-04-27T07:00:00,4413,morning_rush
2023-04-27T08:00:00,5874,morning_rush
2023-04-27T09:00:00,5866,morning_rush
2023-04-27T10:00:00,5711,midday
2023-04-27T11:00:00,6001,midday
2023-04-27T12:00:00,6380,midday
2023-04-27T13:00:00,6703,midday
2023-04-27T14:00:00,7103,midday
2023-04-27T15:00:00,7216,midday
2023-04-27T16:00:00,7427,midday
2023-04-27T17:00:00,8329,evening_rush
2023-04-27T18:00:00,8864,evening_rush
2023-04-27T19:00:00,8167,evening_rush
2023-04-27T20:00:00,7639,transition
2023-04-27T21:00:00,7797,transition
2023-04-27T22:00:00,7330,transition
2023-04-27T23:00:00,5891,transition
2023-04-28T00:00:00,3539,night
2023-04-28T01:00:00,1864,night
2023-04-28T02:00:00,1078,night
2023-04-28T03:00:00,651,night
2023-04-28T04:00:00,469,night
2023-04-28T05:00:00,749,night
2023-04-28T06:00:00,1729,transition
2023-04-28T07:00:00,3416,morning_rush
2023-04-28T08:00:00,4677,morning_rush
2023-04-28T09:00:00,5029,morning_rush
2023-04-28T10:00:00,5249,midday
2023-04-28T11:00:00,5614,midday
2023-04-28T12:00:00,6052,midday
2023-04-28T13:00:00,6303,midday
2023-04-28T14:00:00,7212,midday
2023-04-28T15:00:00,7498,midday
2023-04-28T16:00:00,7037,midday
2023-04-28T17:00:00,8202,evening_rush
2023-04-28T18:00:00,8694,evening_rush
2023-04-28T19:00:00,9237,evening_rush
2023-04-28T20:00:00,7573,transition
2023-04-28T21:00:00,7149,transition
2023-04-28T22:00:00,7725,transition
2023-04-28T23:00:00,6435,transition
2023-04-29T00:00:00,5176,weekend
2023-04-29T01:00:00,3936,weekend
2023-04-29T02:00:00,2938,weekend
2023-04-29T03:00:00,1781,weekend
2023-04-29T04:00:00,873,weekend
2023-04-29T05:00:00,448,weekend
2023-04-29T06:00:00,858,weekend
2023-04-29T07:00:00,1364,weekend
2023-04-29T08:00:00,2440,weekend
2023-04-29T09:00:00,3986,weekend
2023-04-29T10:00:00,4963,weekend
2023-04-29T11:00:00,6143,weekend
2023-04-29T12:00:00,6840,weekend
2023-04-29T13:00:00,6268,weekend
2023-04-29T14:00:00,6156,weekend
2023-04-29T15:00:00,6629,weekend
2023-04-29T16:00:00,6899,weekend
2023-04-29T17:00:00,7042,weekend
2023-04-29T18:00:00,7023,weekend
2023-04-29T19:00:00,6522,weekend
2023-04-29T20:00:00,5060,weekend
2023-04-29T21:00:00,5287,weekend
2023-04-29T22:00:00,5777,weekend
2023-04-29T23:00:00,6121,weekend
2023-04-30T00:00:00,5381,weekend
2023-04-30T01:00:00,4262,weekend
2023-04-30T02:00:00,3184,weekend
2023-04-30T03:00:00,2135,weekend
2023-04-30T04:00:00,1118,weekend
2023-04-30T05:00:00,457,weekend
2023-04-30T06:00:00,864,weekend
2023-04-30T07:00:00,1495,weekend
2023-04-30T08:00:00,1917,weekend
2023-04-30T09:00:00,3065,weekend
2023-04-30T10:00:00,4302,weekend
2023-04-30T11:00:00,6430,weekend
2023-04-30T12:00:00,6408,weekend
2023-04-30T13:00:00,5765,weekend
2023-04-30T14:00:00,6052,weekend
2023-04-30T15:00:00,6043,weekend
2023-04-30T16:00:00,6318,weekend
2023-04-30T17:00:00,6156,weekend
2023-04-30T18:00:00,5338,weekend
2023-04-30T19:00:00,4187,weekend
2023-04-30T20:00:00,3823,weekend
2023-04-30T21:00:00,3763,weekend
2023-04-30T22:00:00,3351,weekend
2023-04-30T23:00:00,2380,weekend
